<?xml version="1.0" encoding="UTF-8"?>
<info version="1.1">
  <general>
    <createDate>2015-06-26T14:00:59</createDate>
    <changeDate>2015-06-26T15:27:23</changeDate>
    <schema>mgb-sumarizado</schema>
    <isTemplate>false</isTemplate>
    <localId>896</localId>
    <format>full</format>
    <rating>0</rating>
    <popularity>11</popularity>
    <uuid>eeca1622-de4d-4e40-b43b-b06dbdeb3efc</uuid>
    <siteId>21e5c59d-e836-4674-bf9d-912bd7315391</siteId>
    <siteName>Metadados CPRM</siteName>
  </general>
  <categories>
    <category name="maps" />
  </categories>
  <privileges>
    <group name="all">
      <operation name="featured" />
      <operation name="view" />
      <operation name="download" />
    </group>
  </privileges>
  <public />
  <private />
</info>

