<?xml version="1.0" encoding="UTF-8"?>
<info version="1.1">
  <general>
    <createDate>2015-02-25T16:54:02</createDate>
    <changeDate>2017-06-13T13:18:11</changeDate>
    <schema>mgb-completo</schema>
    <isTemplate>false</isTemplate>
    <localId>815</localId>
    <format>full</format>
    <rating>0</rating>
    <popularity>20</popularity>
    <uuid>8d485d7b-3fff-4372-960b-bbc102746bb7</uuid>
    <siteId>21e5c59d-e836-4674-bf9d-912bd7315391</siteId>
    <siteName>Metadados CPRM</siteName>
  </general>
  <categories>
    <category name="maps" />
    <category name="datasets" />
  </categories>
  <privileges>
    <group name="all">
      <operation name="dynamic" />
      <operation name="featured" />
      <operation name="view" />
      <operation name="download" />
    </group>
  </privileges>
  <public />
  <private />
</info>

