<?xml version="1.0" encoding="UTF-8"?>
<info version="1.1">
  <general>
    <createDate>2016-11-18T17:07:26</createDate>
    <changeDate>2016-11-18T17:10:30</changeDate>
    <schema>mgb-sumarizado</schema>
    <isTemplate>false</isTemplate>
    <localId>1897</localId>
    <format>full</format>
    <rating>0</rating>
    <popularity>2</popularity>
    <uuid>90b58a4c-5422-4f2d-b740-a1f56edee5cf</uuid>
    <siteId>21e5c59d-e836-4674-bf9d-912bd7315391</siteId>
    <siteName>Metadados CPRM</siteName>
  </general>
  <categories>
    <category name="maps" />
  </categories>
  <privileges>
    <group name="all">
      <operation name="view" />
      <operation name="download" />
    </group>
  </privileges>
  <public />
  <private />
</info>

