<?xml version="1.0" encoding="UTF-8"?>
<info version="1.1">
  <general>
    <createDate>2016-09-15T12:09:04</createDate>
    <changeDate>2018-06-15T16:28:01</changeDate>
    <schema>mgb-sumarizado</schema>
    <isTemplate>false</isTemplate>
    <localId>1794</localId>
    <format>full</format>
    <rating>0</rating>
    <popularity>3</popularity>
    <uuid>ca6403b4-30d9-4cdb-a42c-d411107b4395</uuid>
    <siteId>21e5c59d-e836-4674-bf9d-912bd7315391</siteId>
    <siteName>Metadados CPRM</siteName>
  </general>
  <categories>
    <category name="maps" />
  </categories>
  <privileges>
    <group name="all">
      <operation name="view" />
    </group>
  </privileges>
  <public />
  <private />
</info>

