<?xml version="1.0" encoding="UTF-8"?>
<info version="1.1">
  <general>
    <createDate>2015-02-26T10:33:11</createDate>
    <changeDate>2017-06-13T13:34:18</changeDate>
    <schema>mgb-completo</schema>
    <isTemplate>false</isTemplate>
    <localId>824</localId>
    <format>full</format>
    <rating>0</rating>
    <popularity>22</popularity>
    <uuid>5533f615-13a3-40ac-ad3e-1a78e978b445</uuid>
    <siteId>21e5c59d-e836-4674-bf9d-912bd7315391</siteId>
    <siteName>Metadados CPRM</siteName>
  </general>
  <categories>
    <category name="maps" />
    <category name="datasets" />
  </categories>
  <privileges>
    <group name="all">
      <operation name="dynamic" />
      <operation name="featured" />
      <operation name="view" />
      <operation name="download" />
    </group>
  </privileges>
  <public />
  <private />
</info>

