<?xml version="1.0" encoding="UTF-8"?>
<info version="1.1">
  <general>
    <createDate>2017-01-24T16:10:47</createDate>
    <changeDate>2017-01-27T10:37:25</changeDate>
    <schema>mgb-sumarizado</schema>
    <isTemplate>false</isTemplate>
    <localId>1924</localId>
    <format>full</format>
    <rating>0</rating>
    <popularity>1</popularity>
    <uuid>3d626a49-d026-47bb-96f5-515c74c01dee</uuid>
    <siteId>21e5c59d-e836-4674-bf9d-912bd7315391</siteId>
    <siteName>Metadados CPRM</siteName>
  </general>
  <categories>
    <category name="maps" />
  </categories>
  <privileges>
    <group name="all">
      <operation name="view" />
      <operation name="download" />
    </group>
  </privileges>
  <public />
  <private />
</info>

