<?xml version="1.0" encoding="UTF-8"?>
<info version="1.1">
  <general>
    <createDate>2016-01-26T14:37:57</createDate>
    <changeDate>2016-02-05T09:52:49</changeDate>
    <schema>mgb-sumarizado</schema>
    <isTemplate>false</isTemplate>
    <localId>1268</localId>
    <format>full</format>
    <rating>0</rating>
    <popularity>20</popularity>
    <uuid>f67e37e7-4ced-44ec-b181-bece6ae039fa</uuid>
    <siteId>21e5c59d-e836-4674-bf9d-912bd7315391</siteId>
    <siteName>Metadados CPRM</siteName>
  </general>
  <categories>
    <category name="maps" />
  </categories>
  <privileges>
    <group name="all">
      <operation name="view" />
    </group>
  </privileges>
  <public />
  <private />
</info>

