<?xml version="1.0" encoding="UTF-8"?>
<info version="1.1">
  <general>
    <createDate>2014-12-05T14:29:20</createDate>
    <changeDate>2017-01-12T12:02:19</changeDate>
    <schema>mgb-sumarizado</schema>
    <isTemplate>false</isTemplate>
    <localId>549</localId>
    <format>full</format>
    <rating>0</rating>
    <popularity>8</popularity>
    <uuid>a3b8a4e4-ca18-4a0b-ad88-d38bbb073db1</uuid>
    <siteId>21e5c59d-e836-4674-bf9d-912bd7315391</siteId>
    <siteName>Metadados CPRM</siteName>
  </general>
  <categories>
    <category name="maps" />
  </categories>
  <privileges>
    <group name="all">
      <operation name="view" />
      <operation name="download" />
    </group>
  </privileges>
  <public />
  <private />
</info>

