<?xml version="1.0" encoding="UTF-8"?>
<info version="1.1">
  <general>
    <createDate>2013-11-06T15:48:42</createDate>
    <changeDate>2020-09-23T11:51:59</changeDate>
    <schema>mgb-sumarizado</schema>
    <isTemplate>false</isTemplate>
    <localId>142</localId>
    <format>full</format>
    <rating>0</rating>
    <popularity>16</popularity>
    <uuid>509b44d8-6296-4323-9ff1-0dd9b01cedb0</uuid>
    <siteId>21e5c59d-e836-4674-bf9d-912bd7315391</siteId>
    <siteName>Metadados CPRM</siteName>
  </general>
  <categories>
    <category name="maps" />
  </categories>
  <privileges>
    <group name="all">
      <operation name="view" />
    </group>
  </privileges>
  <public />
  <private />
</info>

