<?xml version="1.0" encoding="UTF-8"?>
<info version="1.1">
  <general>
    <createDate>2017-01-16T18:18:02</createDate>
    <changeDate>2017-01-16T18:25:38</changeDate>
    <schema>mgb-sumarizado</schema>
    <isTemplate>false</isTemplate>
    <localId>1901</localId>
    <format>full</format>
    <rating>0</rating>
    <popularity>1</popularity>
    <uuid>7030354b-5b2b-4031-b6fb-b2ef5d9f1158</uuid>
    <siteId>21e5c59d-e836-4674-bf9d-912bd7315391</siteId>
    <siteName>Metadados CPRM</siteName>
  </general>
  <categories>
    <category name="maps" />
  </categories>
  <privileges>
    <group name="all">
      <operation name="view" />
      <operation name="download" />
    </group>
  </privileges>
  <public />
  <private />
</info>

