<?xml version="1.0" encoding="UTF-8"?>
<info version="1.1">
  <general>
    <createDate>2013-11-01T17:19:19</createDate>
    <changeDate>2020-09-23T10:22:59</changeDate>
    <schema>mgb-sumarizado</schema>
    <isTemplate>false</isTemplate>
    <localId>139</localId>
    <format>full</format>
    <rating>0</rating>
    <popularity>19</popularity>
    <uuid>7c7438a9-7e19-4049-befa-8e0c2dc5ba0a</uuid>
    <siteId>21e5c59d-e836-4674-bf9d-912bd7315391</siteId>
    <siteName>Metadados CPRM</siteName>
  </general>
  <categories>
    <category name="maps" />
  </categories>
  <privileges>
    <group name="all">
      <operation name="view" />
    </group>
  </privileges>
  <public />
  <private />
</info>

