<?xml version="1.0" encoding="UTF-8"?>

<gmd:MD_Metadata xmlns:gmd="http://www.isotc211.org/2005/gmd" xmlns:xsi="http://www.w3.org/2001/XMLSchema-instance" xmlns:gml="http://www.opengis.net/gml" xmlns:gts="http://www.isotc211.org/2005/gts" xmlns:gco="http://www.isotc211.org/2005/gco" xmlns:geonet="http://www.fao.org/geonetwork">
  <gmd:identificationInfo>
    <gmd:MD_DataIdentification>
      <gmd:citation>
        <gmd:CI_Citation>
          <gmd:title>
            <gco:CharacterString>Folha Jacobina - SC.24-Y-C</gco:CharacterString>
          </gmd:title>
          <gmd:date>
            <gmd:CI_Date>
              <gmd:date>
                <gco:CharacterString>1998</gco:CharacterString>
              </gmd:date>
              <gmd:dateType>
                <gmd:CI_DateTypeCode codeListValue="publication" codeList="http://www.isotc211.org/2005/resources/codeList.xml#CI_DateTypeCode" />
              </gmd:dateType>
            </gmd:CI_Date>
          </gmd:date>
        </gmd:CI_Citation>
      </gmd:citation>
      <gmd:abstract>
        <gco:CharacterString>A reavaliação geológica da folha Jacobina foi realizada pela CPRM no âmbito do Programa Levantamentos Geológicos Básicos do Brasil (PLGB), devido ao grande aporte de novos dados geológicos multidisciplinares. Esta área envolve terrenos arqueanos e proterozóicos do Cráton São Francisco e formações superficiais cenozoicas. A análise metalogenética/previsional destacou 14 áreas mineralizadas ou potencialmente favoráveis a mineralizações de ouro, fosfato, chumbo, zinco, bário, manganês, mármore, diamante e calcário.</gco:CharacterString>
      </gmd:abstract>
      <gmd:purpose>
        <gco:CharacterString>Executar a reavaliação geológica e metalogenética/previsional da Folha SC.24-Y-C Jacobina, escala 1:250.000 para homogeneizar e atualizar o conhecimento geológico e reavaliar o potencial metalogenético da área.</gco:CharacterString>
      </gmd:purpose>
      <gmd:status>
        <gmd:MD_ProgressCode codeListValue="completed" codeList="http://www.isotc211.org/2005/resources/codeList.xml#MD_ProgressCode" />
      </gmd:status>
      <gmd:pointOfContact>
        <gmd:CI_ResponsibleParty>
          <gmd:individualName>
            <gco:CharacterString>Departamento de Geologia - DEGEO</gco:CharacterString>
          </gmd:individualName>
          <gmd:organisationName>
            <gco:CharacterString>Serviço Geológico do Brasil-CPRM, Diretoria de Geologia e Recursos Minerais - DGM; Departamento de Geologia  -  DEGEO</gco:CharacterString>
          </gmd:organisationName>
          <gmd:role>
            <gmd:CI_RoleCode codeList="http://www.isotc211.org/2005/resources/codeList.xml#CI_RoleCode" codeListValue="originator" />
          </gmd:role>
          <gmd:contactInfo>
            <gmd:CI_Contact>
              <gmd:phone>
                <gmd:CI_Telephone>
                  <gmd:voice>
                    <gco:CharacterString>55(21) 2295-6196</gco:CharacterString>
                  </gmd:voice>
                  <gmd:facsimile>
                    <gco:CharacterString>55(21) 2295-6196</gco:CharacterString>
                  </gmd:facsimile>
                </gmd:CI_Telephone>
              </gmd:phone>
              <gmd:address>
                <gmd:CI_Address>
                  <gmd:address>
                    <gco:CharacterString>Av. Pasteur 404, Urca</gco:CharacterString>
                  </gmd:address>
                  <gmd:city>
                    <gco:CharacterString>Rio de Janeiro</gco:CharacterString>
                  </gmd:city>
                  <gmd:administrativeArea gco:nilReason="missing">
                    <gmd:UF_TypeCode codeList="http://www.isotc211.org/2005/resources/codeList.xml#UF_TypeCode" codeListValue="rj" />
                  </gmd:administrativeArea>
                  <gmd:postalCode>
                    <gco:CharacterString>22290-240</gco:CharacterString>
                  </gmd:postalCode>
                  <gmd:country>
                    <gco:CharacterString>BR</gco:CharacterString>
                  </gmd:country>
                  <gmd:electronicMailAddress>
                    <gco:CharacterString>seus@cprm.gov.br</gco:CharacterString>
                  </gmd:electronicMailAddress>
                </gmd:CI_Address>
              </gmd:address>
            </gmd:CI_Contact>
          </gmd:contactInfo>
        </gmd:CI_ResponsibleParty>
      </gmd:pointOfContact>
      <gmd:descriptiveKeywords>
        <gmd:MD_Keywords>
          <gmd:keyword>
            <gco:CharacterString>litoestratigrafia</gco:CharacterString>
          </gmd:keyword>
          <gmd:keyword>
            <gco:CharacterString>geologia estrutural</gco:CharacterString>
          </gmd:keyword>
          <gmd:keyword>
            <gco:CharacterString>geotectônica</gco:CharacterString>
          </gmd:keyword>
          <gmd:keyword>
            <gco:CharacterString>recursos minerais</gco:CharacterString>
          </gmd:keyword>
          <gmd:keyword>
            <gco:CharacterString>geofísica</gco:CharacterString>
          </gmd:keyword>
          <gmd:keyword>
            <gco:CharacterString>geoquímica</gco:CharacterString>
          </gmd:keyword>
          <gmd:type>
            <gmd:MD_KeywordTypeCode codeListValue="theme" codeList="http://www.isotc211.org/2005/resources/codeList.xml#MD_KeywordTypeCode" />
          </gmd:type>
        </gmd:MD_Keywords>
      </gmd:descriptiveKeywords>
      <gmd:descriptiveKeywords>
        <gmd:MD_Keywords>
          <gmd:keyword>
            <gco:CharacterString>Bahia</gco:CharacterString>
          </gmd:keyword>
          <gmd:keyword>
            <gco:CharacterString>Brasil</gco:CharacterString>
          </gmd:keyword>
          <gmd:type>
            <gmd:MD_KeywordTypeCode codeList="http://www.isotc211.org/2005/resources/codeList.xml#MD_KeywordTypeCode" codeListValue="place" />
          </gmd:type>
          <gmd:thesaurusName>
            <gmd:CI_Citation>
              <gmd:title gco:nilReason="missing">
                <gco:CharacterString />
              </gmd:title>
              <gmd:alternateTitle gco:nilReason="missing">
                <gco:CharacterString />
              </gmd:alternateTitle>
              <gmd:date>
                <gmd:CI_Date>
                  <gmd:dateType>
                    <gmd:CI_DateTypeCode codeList="http://www.isotc211.org/2005/resources/codeList.xml#CI_DateTypeCode" codeListValue="" />
                  </gmd:dateType>
                </gmd:CI_Date>
              </gmd:date>
              <gmd:edition gco:nilReason="missing">
                <gco:CharacterString />
              </gmd:edition>
              <gmd:citedResponsibleParty>
                <gmd:CI_ResponsibleParty>
                  <gmd:individualName gco:nilReason="missing">
                    <gco:CharacterString />
                  </gmd:individualName>
                  <gmd:organisationName gco:nilReason="missing">
                    <gco:CharacterString />
                  </gmd:organisationName>
                  <gmd:positionName gco:nilReason="missing">
                    <gco:CharacterString />
                  </gmd:positionName>
                  <gmd:contactInfo>
                    <gmd:CI_Contact>
                      <gmd:phone>
                        <gmd:CI_Telephone>
                          <gmd:voice gco:nilReason="missing">
                            <gco:CharacterString />
                          </gmd:voice>
                          <gmd:facsimile gco:nilReason="missing">
                            <gco:CharacterString />
                          </gmd:facsimile>
                        </gmd:CI_Telephone>
                      </gmd:phone>
                      <gmd:address>
                        <gmd:CI_Address>
                          <gmd:deliveryPoint gco:nilReason="missing">
                            <gco:CharacterString />
                          </gmd:deliveryPoint>
                          <gmd:city gco:nilReason="missing">
                            <gco:CharacterString />
                          </gmd:city>
                          <gmd:administrativeArea gco:nilReason="missing">
                            <gco:CharacterString />
                          </gmd:administrativeArea>
                          <gmd:postalCode gco:nilReason="missing">
                            <gco:CharacterString />
                          </gmd:postalCode>
                          <gmd:country gco:nilReason="missing">
                            <gco:CharacterString />
                          </gmd:country>
                          <gmd:electronicMailAddress gco:nilReason="missing">
                            <gco:CharacterString />
                          </gmd:electronicMailAddress>
                        </gmd:CI_Address>
                      </gmd:address>
                    </gmd:CI_Contact>
                  </gmd:contactInfo>
                  <gmd:role>
                    <gmd:CI_RoleCode codeList="http://www.isotc211.org/2005/resources/codeList.xml#CI_RoleCode" codeListValue="" />
                  </gmd:role>
                </gmd:CI_ResponsibleParty>
              </gmd:citedResponsibleParty>
              <gmd:presentationForm>
                <gmd:CI_PresentationFormCode codeList="http://www.isotc211.org/2005/resources/codeList.xml#CI_PresentationFormCode" codeListValue="" />
              </gmd:presentationForm>
              <gmd:series>
                <gmd:CI_Series />
              </gmd:series>
              <gmd:otherCitationDetails gco:nilReason="missing">
                <gco:CharacterString />
              </gmd:otherCitationDetails>
              <gmd:collectiveTitle gco:nilReason="missing">
                <gco:CharacterString />
              </gmd:collectiveTitle>
              <gmd:ISBN gco:nilReason="missing">
                <gco:CharacterString />
              </gmd:ISBN>
              <gmd:ISSN gco:nilReason="missing">
                <gco:CharacterString />
              </gmd:ISSN>
            </gmd:CI_Citation>
          </gmd:thesaurusName>
        </gmd:MD_Keywords>
      </gmd:descriptiveKeywords>
      <gmd:descriptiveKeywords>
        <gmd:MD_Keywords>
          <gmd:keyword>
            <gco:CharacterString>Geociências</gco:CharacterString>
          </gmd:keyword>
          <gmd:keyword>
            <gco:CharacterString>Geotecnologia</gco:CharacterString>
          </gmd:keyword>
          <gmd:keyword>
            <gco:CharacterString>Sistema de Informações Geográficas - SIG</gco:CharacterString>
          </gmd:keyword>
          <gmd:type>
            <gmd:MD_KeywordTypeCode codeList="http://www.isotc211.org/2005/resources/codeList.xml#MD_KeywordTypeCode" codeListValue="discipline" />
          </gmd:type>
          <gmd:thesaurusName>
            <gmd:CI_Citation>
              <gmd:title gco:nilReason="missing">
                <gco:CharacterString />
              </gmd:title>
              <gmd:alternateTitle gco:nilReason="missing">
                <gco:CharacterString />
              </gmd:alternateTitle>
              <gmd:date>
                <gmd:CI_Date>
                  <gmd:dateType>
                    <gmd:CI_DateTypeCode codeList="http://www.isotc211.org/2005/resources/codeList.xml#CI_DateTypeCode" codeListValue="" />
                  </gmd:dateType>
                </gmd:CI_Date>
              </gmd:date>
              <gmd:edition gco:nilReason="missing">
                <gco:CharacterString />
              </gmd:edition>
              <gmd:citedResponsibleParty>
                <gmd:CI_ResponsibleParty>
                  <gmd:individualName gco:nilReason="missing">
                    <gco:CharacterString />
                  </gmd:individualName>
                  <gmd:organisationName gco:nilReason="missing">
                    <gco:CharacterString />
                  </gmd:organisationName>
                  <gmd:positionName gco:nilReason="missing">
                    <gco:CharacterString />
                  </gmd:positionName>
                  <gmd:contactInfo>
                    <gmd:CI_Contact>
                      <gmd:phone>
                        <gmd:CI_Telephone>
                          <gmd:voice gco:nilReason="missing">
                            <gco:CharacterString />
                          </gmd:voice>
                          <gmd:facsimile gco:nilReason="missing">
                            <gco:CharacterString />
                          </gmd:facsimile>
                        </gmd:CI_Telephone>
                      </gmd:phone>
                      <gmd:address>
                        <gmd:CI_Address>
                          <gmd:deliveryPoint gco:nilReason="missing">
                            <gco:CharacterString />
                          </gmd:deliveryPoint>
                          <gmd:city gco:nilReason="missing">
                            <gco:CharacterString />
                          </gmd:city>
                          <gmd:administrativeArea gco:nilReason="missing">
                            <gco:CharacterString />
                          </gmd:administrativeArea>
                          <gmd:postalCode gco:nilReason="missing">
                            <gco:CharacterString />
                          </gmd:postalCode>
                          <gmd:country gco:nilReason="missing">
                            <gco:CharacterString />
                          </gmd:country>
                          <gmd:electronicMailAddress gco:nilReason="missing">
                            <gco:CharacterString />
                          </gmd:electronicMailAddress>
                        </gmd:CI_Address>
                      </gmd:address>
                    </gmd:CI_Contact>
                  </gmd:contactInfo>
                  <gmd:role>
                    <gmd:CI_RoleCode codeList="http://www.isotc211.org/2005/resources/codeList.xml#CI_RoleCode" codeListValue="" />
                  </gmd:role>
                </gmd:CI_ResponsibleParty>
              </gmd:citedResponsibleParty>
              <gmd:presentationForm>
                <gmd:CI_PresentationFormCode codeList="http://www.isotc211.org/2005/resources/codeList.xml#CI_PresentationFormCode" codeListValue="" />
              </gmd:presentationForm>
              <gmd:series>
                <gmd:CI_Series />
              </gmd:series>
              <gmd:otherCitationDetails gco:nilReason="missing">
                <gco:CharacterString />
              </gmd:otherCitationDetails>
              <gmd:collectiveTitle gco:nilReason="missing">
                <gco:CharacterString />
              </gmd:collectiveTitle>
              <gmd:ISBN gco:nilReason="missing">
                <gco:CharacterString />
              </gmd:ISBN>
              <gmd:ISSN gco:nilReason="missing">
                <gco:CharacterString />
              </gmd:ISSN>
            </gmd:CI_Citation>
          </gmd:thesaurusName>
        </gmd:MD_Keywords>
      </gmd:descriptiveKeywords>
      <gmd:spatialRepresentationType>
        <gmd:MD_SpatialRepresentationTypeCode codeListValue="vector" codeList="http://www.isotc211.org/2005/resources/codeList.xml#MD_SpatialRepresentationTypeCode" />
      </gmd:spatialRepresentationType>
      <gmd:spatialResolution>
        <gmd:MD_Resolution>
          <gmd:equivalentScale>
            <gmd:MD_RepresentativeFraction>
              <gmd:denominator>
                <gco:Integer>250000</gco:Integer>
              </gmd:denominator>
            </gmd:MD_RepresentativeFraction>
          </gmd:equivalentScale>
        </gmd:MD_Resolution>
      </gmd:spatialResolution>
      <gmd:language>
        <gco:CharacterString>por</gco:CharacterString>
      </gmd:language>
      <gmd:characterSet>
        <gmd:MD_CharacterSetCode codeListValue="utf8" codeList="http://www.isotc211.org/2005/resources/codeList.xml#MD_CharacterSetCode" />
      </gmd:characterSet>
      <gmd:topicCategory>
        <gmd:MD_TopicCategoryCode codeListValue="geoscientificInformation" codeList="http://www.isotc211.org/2005/resources/codeList.xml#MD_TopicCategoryCode" />
      </gmd:topicCategory>
      <gmd:extent>
        <gmd:EX_Extent>
          <gmd:geographicElement>
            <gmd:EX_GeographicBoundingBox>
              <gmd:westBoundLongitude>
                <gco:Decimal>-42</gco:Decimal>
              </gmd:westBoundLongitude>
              <gmd:eastBoundLongitude>
                <gco:Decimal>-40.5</gco:Decimal>
              </gmd:eastBoundLongitude>
              <gmd:southBoundLatitude>
                <gco:Decimal>-12.000000000000001</gco:Decimal>
              </gmd:southBoundLatitude>
              <gmd:northBoundLatitude>
                <gco:Decimal>-11</gco:Decimal>
              </gmd:northBoundLatitude>
            </gmd:EX_GeographicBoundingBox>
            <gmd:EX_VerticalExtent>
              <gmd:minimumValue>
                <gco:Real />
              </gmd:minimumValue>
              <gmd:maximumValue>
                <gco:Real />
              </gmd:maximumValue>
            </gmd:EX_VerticalExtent>
          </gmd:geographicElement>
        </gmd:EX_Extent>
      </gmd:extent>
    </gmd:MD_DataIdentification>
  </gmd:identificationInfo>
  <gmd:referenceSystemInfo>
    <gmd:MD_ReferenceSystem>
      <gmd:referenceSystemIdentifier>
        <gmd:RS_Identifier>
          <gmd:code>
            <gco:CharacterString>WGS 84</gco:CharacterString>
          </gmd:code>
        </gmd:RS_Identifier>
        <gmd:elipsoide gco:nilReason="missing">
          <gco:CharacterString />
        </gmd:elipsoide>
        <gmd:parametros gco:nilReason="missing">
          <gco:CharacterString />
        </gmd:parametros>
        <gmd:sistemaDeProjecao gco:nilReason="missing">
          <gco:CharacterString />
        </gmd:sistemaDeProjecao>
      </gmd:referenceSystemIdentifier>
    </gmd:MD_ReferenceSystem>
  </gmd:referenceSystemInfo>
  <gmd:distributionInfo>
    <gmd:MD_Distribution>
      <gmd:distributionFormat>
        <gmd:MD_Format>
          <gmd:nameFormat gco:nilReason="missing">
            <gco:CharacterString />
          </gmd:nameFormat>
        </gmd:MD_Format>
      </gmd:distributionFormat>
      <gmd:transferOptions>
        <gmd:MD_DigitalTransferOptions>
          <gmd:onLine>
            <gmd:CI_OnlineResource>
              <gmd:linkage>
                <gmd:URL>http://geowebapp.cprm.gov.br/ViewerWEB/index_lito_250k.html</gmd:URL>
              </gmd:linkage>
              <gmd:protocol>
                <gco:CharacterString>http://www.metadados.cprm.gov.br/geonetwork/srv/por/metadata.edit?id=352</gco:CharacterString>
              </gmd:protocol>
              <gmd:name gco:nilReason="missing">
                <gco:CharacterString />
              </gmd:name>
            </gmd:CI_OnlineResource>
          </gmd:onLine>
          <gmd:onLine>
            <gmd:CI_OnlineResource>
              <gmd:linkage xmlns:srv="http://www.isotc211.org/2005/srv">
                <gmd:URL>http://www.metadados.cprm.gov.br/geonetwork/srv/en/resources.get?id=1383&amp;fname=&amp;access=private</gmd:URL>
              </gmd:linkage>
              <gmd:protocol>
                <gco:CharacterString>WWW:DOWNLOAD-1.0-http--download</gco:CharacterString>
              </gmd:protocol>
              <gmd:name gco:nilReason="missing">
                <gco:CharacterString />
              </gmd:name>
            </gmd:CI_OnlineResource>
          </gmd:onLine>
          <gmd:onLine>
            <gmd:CI_OnlineResource>
              <gmd:linkage>
                <gmd:URL />
              </gmd:linkage>
              <gmd:protocol>
                <gco:CharacterString>OGC:WMS-1.1.1-http-get-map</gco:CharacterString>
              </gmd:protocol>
            </gmd:CI_OnlineResource>
          </gmd:onLine>
          <gmd:offLine>
            <gmd:MD_Medium>
              <gmd:offLine>
                <gmd:MD_MediumNameCode codeListValue="" codeList="http://www.isotc211.org/2005/resources/codeList.xml#MD_MediumNameCode" />
              </gmd:offLine>
            </gmd:MD_Medium>
          </gmd:offLine>
          <gmd:pointOfContact>
            <gmd:CI_ResponsibleParty>
              <gmd:individualName>
                <gco:CharacterString>Divisão de Documentação Técnica - DIDOTE</gco:CharacterString>
              </gmd:individualName>
              <gmd:organisationName>
                <gco:CharacterString>Serviço Geológico do Brasil - CPRM, Departamento de Informações Institucionais - DEINF, Divisão de Documentação Técnica - DIDOTE</gco:CharacterString>
              </gmd:organisationName>
              <gmd:role>
                <gmd:CI_RoleCode codeList="http://www.isotc211.org/2005/resources/codeList.xml#CI_RoleCode" codeListValue="distributor" />
              </gmd:role>
              <gmd:contactInfo>
                <gmd:CI_Contact>
                  <gmd:phone>
                    <gmd:CI_Telephone>
                      <gmd:voice>
                        <gco:CharacterString>55 (21) 2295-5897</gco:CharacterString>
                      </gmd:voice>
                      <gmd:facsimile>
                        <gco:CharacterString>55 (21) 2295-5897</gco:CharacterString>
                      </gmd:facsimile>
                    </gmd:CI_Telephone>
                  </gmd:phone>
                  <gmd:address>
                    <gmd:CI_Address>
                      <gmd:address>
                        <gco:CharacterString>Av. Pasteur 404, Urca</gco:CharacterString>
                      </gmd:address>
                      <gmd:city>
                        <gco:CharacterString>Rio de Janeiro</gco:CharacterString>
                      </gmd:city>
                      <gmd:administrativeArea gco:nilReason="missing">
                        <gmd:UF_TypeCode codeList="http://www.isotc211.org/2005/resources/codeList.xml#UF_TypeCode" codeListValue="rj" />
                      </gmd:administrativeArea>
                      <gmd:postalCode>
                        <gco:CharacterString>22290-240</gco:CharacterString>
                      </gmd:postalCode>
                      <gmd:country>
                        <gco:CharacterString>Brasil</gco:CharacterString>
                      </gmd:country>
                      <gmd:electronicMailAddress>
                        <gco:CharacterString>seus@cprm.gov.br</gco:CharacterString>
                      </gmd:electronicMailAddress>
                    </gmd:CI_Address>
                  </gmd:address>
                </gmd:CI_Contact>
              </gmd:contactInfo>
            </gmd:CI_ResponsibleParty>
          </gmd:pointOfContact>
        </gmd:MD_DigitalTransferOptions>
      </gmd:transferOptions>
    </gmd:MD_Distribution>
  </gmd:distributionInfo>
  <gmd:dataQualityInfo>
    <gmd:DQ_DataQuality>
      <gmd:scope>
        <gmd:DQ_Scope>
          <gmd:level>
            <gmd:MD_ScopeCode codeListValue="dataset" codeList="http://www.isotc211.org/2005/resources/codeList.xml#MD_ScopeCode" />
          </gmd:level>
        </gmd:DQ_Scope>
      </gmd:scope>
      <gmd:lineage>
        <gmd:LI_Lineage>
          <gmd:statement>
            <gco:CharacterString>O desenvolvimento deste produto envolveu levantamento bibliográfico, fotointerpretação e montagem do mapa geológico de compilação. Depois foi feita a reinterpretação de mapas aeroogeofísicos e de perfis geofísicos terrestres, com elaboração de cartas temáticas tectono-estrutural, litológica, tectono-estratigráfica, geoquímica e de jazimentos minerais. Foram realizados trabalhos de campo e elaboradas as cartas finais, geológica e metalogenética/previsional e a nota explicativa.</gco:CharacterString>
          </gmd:statement>
        </gmd:LI_Lineage>
      </gmd:lineage>
    </gmd:DQ_DataQuality>
  </gmd:dataQualityInfo>
  <gmd:fileIdentifier>
    <gco:CharacterString xmlns:srv="http://www.isotc211.org/2005/srv">42f80076-c473-41d6-9608-e0752b448f07</gco:CharacterString>
  </gmd:fileIdentifier>
  <gmd:language>
    <gco:CharacterString>por</gco:CharacterString>
  </gmd:language>
  <gmd:characterSet>
    <gmd:MD_CharacterSetCode codeListValue="utf8" codeList="http://www.isotc211.org/2005/resources/codeList.xml#MD_CharacterSetCode" />
  </gmd:characterSet>
  <gmd:contact>
    <gmd:CI_ResponsibleParty>
      <gmd:individualName>
        <gco:CharacterString>Divisão de Geoprocessamento - DIGEOP</gco:CharacterString>
      </gmd:individualName>
      <gmd:organisationName>
        <gco:CharacterString>Serviço Geológico do Brasil- CPRM, Diretoria de Relações Institucionais e desenvolvimento -DRI, Departamento de Informações Institucionais - DEINF</gco:CharacterString>
      </gmd:organisationName>
      <gmd:role>
        <gmd:CI_RoleCode codeList="http://www.isotc211.org/2005/resources/codeList.xml#CI_RoleCode" codeListValue="author" />
      </gmd:role>
      <gmd:contactInfo>
        <gmd:CI_Contact>
          <gmd:phone>
            <gmd:CI_Telephone>
              <gmd:voice>
                <gco:CharacterString>55(21)2295-4347</gco:CharacterString>
              </gmd:voice>
              <gmd:facsimile>
                <gco:CharacterString>55(21)2295-4347</gco:CharacterString>
              </gmd:facsimile>
            </gmd:CI_Telephone>
          </gmd:phone>
          <gmd:address>
            <gmd:CI_Address>
              <gmd:address>
                <gco:CharacterString>Av. Pasteur 404, Urca</gco:CharacterString>
              </gmd:address>
              <gmd:city>
                <gco:CharacterString>Rio de Janeiro</gco:CharacterString>
              </gmd:city>
              <gmd:administrativeArea gco:nilReason="missing">
                <gmd:UF_TypeCode codeList="http://www.isotc211.org/2005/resources/codeList.xml#UF_TypeCode" codeListValue="rj" />
              </gmd:administrativeArea>
              <gmd:postalCode>
                <gco:CharacterString>22290-240</gco:CharacterString>
              </gmd:postalCode>
              <gmd:country>
                <gco:CharacterString>Brasil</gco:CharacterString>
              </gmd:country>
              <gmd:electronicMailAddress>
                <gco:CharacterString>geobank@cprm.gov.br</gco:CharacterString>
              </gmd:electronicMailAddress>
            </gmd:CI_Address>
          </gmd:address>
        </gmd:CI_Contact>
      </gmd:contactInfo>
    </gmd:CI_ResponsibleParty>
  </gmd:contact>
  <gmd:dateStamp>
    <gco:DateTime xmlns:srv="http://www.isotc211.org/2005/srv">2017-01-12T17:25:14</gco:DateTime>
  </gmd:dateStamp>
  <gmd:metadataStandardName>
    <gco:CharacterString xmlns:srv="http://www.isotc211.org/2005/srv">ISO 19115:2003/19139</gco:CharacterString>
  </gmd:metadataStandardName>
  <gmd:metadataStandardVersion>
    <gco:CharacterString xmlns:srv="http://www.isotc211.org/2005/srv">1.0</gco:CharacterString>
  </gmd:metadataStandardVersion>
</gmd:MD_Metadata>