<?xml version="1.0" encoding="UTF-8"?>
<info version="1.1">
  <general>
    <createDate>2015-01-08T11:24:56</createDate>
    <changeDate>2015-01-12T11:31:32</changeDate>
    <schema>mgb-sumarizado</schema>
    <isTemplate>false</isTemplate>
    <localId>727</localId>
    <format>full</format>
    <rating>0</rating>
    <popularity>1</popularity>
    <uuid>34ffca35-85bd-4864-8fbf-024c56f753bc</uuid>
    <siteId>21e5c59d-e836-4674-bf9d-912bd7315391</siteId>
    <siteName>Metadados CPRM</siteName>
  </general>
  <categories>
    <category name="maps" />
  </categories>
  <privileges>
    <group name="all">
      <operation name="featured" />
      <operation name="view" />
      <operation name="download" />
    </group>
  </privileges>
  <public />
  <private />
</info>

