<?xml version="1.0" encoding="UTF-8"?>
<info version="1.1">
  <general>
    <createDate>2015-02-02T10:58:46</createDate>
    <changeDate>2015-02-02T11:01:33</changeDate>
    <schema>mgb-sumarizado</schema>
    <isTemplate>false</isTemplate>
    <localId>795</localId>
    <format>full</format>
    <rating>0</rating>
    <popularity>1</popularity>
    <uuid>bbab10e0-8461-4eeb-96e4-a09c9160ebcd</uuid>
    <siteId>21e5c59d-e836-4674-bf9d-912bd7315391</siteId>
    <siteName>Metadados CPRM</siteName>
  </general>
  <categories>
    <category name="maps" />
  </categories>
  <privileges>
    <group name="all">
      <operation name="view" />
    </group>
  </privileges>
  <public />
  <private />
</info>

