<?xml version="1.0" encoding="UTF-8"?>
<info version="1.1">
  <general>
    <createDate>2014-12-11T14:38:07</createDate>
    <changeDate>2015-01-12T08:55:10</changeDate>
    <schema>mgb-sumarizado</schema>
    <isTemplate>false</isTemplate>
    <localId>602</localId>
    <format>full</format>
    <rating>0</rating>
    <popularity>3</popularity>
    <uuid>f5cdc3e6-1f2e-49d5-b8f6-ecf76e77f3bc</uuid>
    <siteId>21e5c59d-e836-4674-bf9d-912bd7315391</siteId>
    <siteName>Metadados CPRM</siteName>
  </general>
  <categories>
    <category name="maps" />
  </categories>
  <privileges>
    <group name="all">
      <operation name="view" />
      <operation name="download" />
    </group>
  </privileges>
  <public />
  <private />
</info>

