<?xml version="1.0" encoding="UTF-8"?>
<info version="1.1">
  <general>
    <createDate>2016-09-26T11:29:39</createDate>
    <changeDate>2018-06-19T17:39:23</changeDate>
    <schema>mgb-sumarizado</schema>
    <isTemplate>false</isTemplate>
    <localId>1852</localId>
    <format>full</format>
    <rating>0</rating>
    <popularity>4</popularity>
    <uuid>1baadadc-e5f9-4cfc-8557-8db9d3fb2a30</uuid>
    <siteId>21e5c59d-e836-4674-bf9d-912bd7315391</siteId>
    <siteName>Metadados CPRM</siteName>
  </general>
  <categories>
    <category name="maps" />
  </categories>
  <privileges>
    <group name="all">
      <operation name="view" />
    </group>
  </privileges>
  <public />
  <private />
</info>

