<?xml version="1.0" encoding="UTF-8"?>

<gmd:MD_Metadata xmlns:gmd="http://www.isotc211.org/2005/gmd" xmlns:gco="http://www.isotc211.org/2005/gco" xmlns:xsi="http://www.w3.org/2001/XMLSchema-instance" xmlns:gts="http://www.isotc211.org/2005/gts" xmlns:gml="http://www.opengis.net/gml" xmlns:geonet="http://www.fao.org/geonetwork">
  <gmd:fileIdentifier>
    <gco:CharacterString xmlns:srv="http://www.isotc211.org/2005/srv">f2fcc587-ff10-46e6-b09e-f1e050ff1d07</gco:CharacterString>
  </gmd:fileIdentifier>
  <gmd:language>
    <gco:CharacterString>por</gco:CharacterString>
  </gmd:language>
  <gmd:characterSet>
    <gmd:MD_CharacterSetCode codeListValue="utf8" codeList="http://www.isotc211.org/2005/resources/codeList.xml#MD_CharacterSetCode" />
  </gmd:characterSet>
  <gmd:contact>
    <gmd:CI_ResponsibleParty>
      <gmd:individualName>
        <gco:CharacterString>Divisão de Geoprocessamento - DIGEOP</gco:CharacterString>
      </gmd:individualName>
      <gmd:organisationName>
        <gco:CharacterString>Serviço Geológico do Brasil - CPRM, Diretoria de Relações Institucionais e Desenvolvimento - DRI, Departamento de Informações Institucionais - Divisão de Geoprocessamento - DIGEOP</gco:CharacterString>
      </gmd:organisationName>
      <gmd:role>
        <gmd:CI_RoleCode codeList="http://www.isotc211.org/2005/resources/codeList.xml#CI_RoleCode" codeListValue="author" />
      </gmd:role>
      <gmd:contactInfo>
        <gmd:CI_Contact>
          <gmd:phone>
            <gmd:CI_Telephone>
              <gmd:voice>
                <gco:CharacterString>55(21)2295-4347</gco:CharacterString>
              </gmd:voice>
              <gmd:facsimile>
                <gco:CharacterString>55(21)2295-4347</gco:CharacterString>
              </gmd:facsimile>
            </gmd:CI_Telephone>
          </gmd:phone>
          <gmd:address>
            <gmd:CI_Address>
              <gmd:address>
                <gco:CharacterString>Av. Pasteur 404 Urca</gco:CharacterString>
              </gmd:address>
              <gmd:city>
                <gco:CharacterString>Rio de Janeiro</gco:CharacterString>
              </gmd:city>
              <gmd:administrativeArea gco:nilReason="missing">
                <gmd:UF_TypeCode codeList="http://www.isotc211.org/2005/resources/codeList.xml#UF_TypeCode" codeListValue="rj" />
              </gmd:administrativeArea>
              <gmd:postalCode>
                <gco:CharacterString>22290-255</gco:CharacterString>
              </gmd:postalCode>
              <gmd:country>
                <gco:CharacterString>Brasil</gco:CharacterString>
              </gmd:country>
              <gmd:electronicMailAddress>
                <gco:CharacterString>geobank@cprm.gov.br</gco:CharacterString>
              </gmd:electronicMailAddress>
            </gmd:CI_Address>
          </gmd:address>
        </gmd:CI_Contact>
      </gmd:contactInfo>
    </gmd:CI_ResponsibleParty>
  </gmd:contact>
  <gmd:dateStamp>
    <gco:DateTime xmlns:srv="http://www.isotc211.org/2005/srv">2017-01-16T17:27:02</gco:DateTime>
  </gmd:dateStamp>
  <gmd:metadataStandardName>
    <gco:CharacterString xmlns:srv="http://www.isotc211.org/2005/srv">ISO 19115:2003/19139</gco:CharacterString>
  </gmd:metadataStandardName>
  <gmd:metadataStandardVersion>
    <gco:CharacterString xmlns:srv="http://www.isotc211.org/2005/srv">1.0</gco:CharacterString>
  </gmd:metadataStandardVersion>
  <gmd:referenceSystemInfo>
    <gmd:MD_ReferenceSystem>
      <gmd:referenceSystemIdentifier>
        <gmd:RS_Identifier>
          <gmd:code>
            <gco:CharacterString>SIRGAS2000</gco:CharacterString>
          </gmd:code>
        </gmd:RS_Identifier>
        <gmd:elipsoide gco:nilReason="missing">
          <gco:CharacterString />
        </gmd:elipsoide>
        <gmd:parametros gco:nilReason="missing">
          <gco:CharacterString />
        </gmd:parametros>
        <gmd:sistemaDeProjecao gco:nilReason="missing">
          <gco:CharacterString />
        </gmd:sistemaDeProjecao>
      </gmd:referenceSystemIdentifier>
    </gmd:MD_ReferenceSystem>
  </gmd:referenceSystemInfo>
  <gmd:identificationInfo>
    <gmd:MD_DataIdentification>
      <gmd:citation>
        <gmd:CI_Citation>
          <gmd:title>
            <gco:CharacterString>Geologia e Recursos Minerais da Folha Santa Luzia do Para – SA.23-V-C-VI</gco:CharacterString>
          </gmd:title>
          <gmd:date>
            <gmd:CI_Date>
              <gmd:date>
                <gco:CharacterString>2015</gco:CharacterString>
              </gmd:date>
              <gmd:dateType>
                <gmd:CI_DateTypeCode codeListValue="publication" codeList="http://www.isotc211.org/2005/resources/codeList.xml#CI_DateTypeCode" />
              </gmd:dateType>
            </gmd:CI_Date>
          </gmd:date>
          <gmd:edition>
            <gco:CharacterString>1ª</gco:CharacterString>
          </gmd:edition>
          <gmd:editionDate>
            <gco:Date />
          </gmd:editionDate>
        </gmd:CI_Citation>
      </gmd:citation>
      <gmd:abstract>
        <gco:CharacterString>O mapeamento geológico da folha Santa Luzia do Para foi realizado pela CPRM no âmbito do Programa Geologia do Brasil (PGB). A integração multidisciplinar das informações em SIG, com suporte de aerogeofísica de alta resolução, permitiu atualizar o conhecimento geológico e de recursos minerais da área, que representa as formações geológicas Pré-Cambrianas do Cinturão Gurupi, com histórico em mineração de ouro. Também contém formações fanerozóicas com vocação já estabelecida para minerais industriais (argila refratária), agrominerais (fosfato) e de uso na construção civil (areia, seixo, brita, pedra para construção e argila). Há, também, potencial para bauxita, diamante, gemas e rochas ornamentais.</gco:CharacterString>
      </gmd:abstract>
      <gmd:purpose>
        <gco:CharacterString>Executar o mapeamento geológico básico e o levantamento de recursos minerais da Folha SA.23-V-C-VI Santa Luzia do Para, escala 1:100.000.</gco:CharacterString>
      </gmd:purpose>
      <gmd:status>
        <gmd:MD_ProgressCode codeListValue="completed" codeList="http://www.isotc211.org/2005/resources/codeList.xml#MD_ProgressCode" />
      </gmd:status>
      <gmd:pointOfContact>
        <gmd:CI_ResponsibleParty>
          <gmd:individualName>
            <gco:CharacterString>Departamento de Geologia - DEGEO</gco:CharacterString>
          </gmd:individualName>
          <gmd:organisationName>
            <gco:CharacterString>Serviço Geológico do Brasil, Diretoria de Geologia e Recursos Minerais - DGM; Departamento de Geologia - DEGEO</gco:CharacterString>
          </gmd:organisationName>
          <gmd:role>
            <gmd:CI_RoleCode codeList="http://www.isotc211.org/2005/resources/codeList.xml#CI_RoleCode" codeListValue="originator" />
          </gmd:role>
          <gmd:contactInfo>
            <gmd:CI_Contact>
              <gmd:phone>
                <gmd:CI_Telephone>
                  <gmd:voice>
                    <gco:CharacterString>(21) 2295-6169</gco:CharacterString>
                  </gmd:voice>
                  <gmd:facsimile>
                    <gco:CharacterString>(21) 2295-6169</gco:CharacterString>
                  </gmd:facsimile>
                </gmd:CI_Telephone>
              </gmd:phone>
              <gmd:address>
                <gmd:CI_Address>
                  <gmd:address>
                    <gco:CharacterString>Av. Pasteur 404, Urca</gco:CharacterString>
                  </gmd:address>
                  <gmd:city>
                    <gco:CharacterString>Rio de Janeiro</gco:CharacterString>
                  </gmd:city>
                  <gmd:administrativeArea gco:nilReason="missing">
                    <gmd:UF_TypeCode codeList="http://www.isotc211.org/2005/resources/codeList.xml#UF_TypeCode" codeListValue="rj" />
                  </gmd:administrativeArea>
                  <gmd:postalCode>
                    <gco:CharacterString>22290-255</gco:CharacterString>
                  </gmd:postalCode>
                  <gmd:country>
                    <gco:CharacterString>BR</gco:CharacterString>
                  </gmd:country>
                  <gmd:electronicMailAddress>
                    <gco:CharacterString>seus@cprm.gov.br</gco:CharacterString>
                  </gmd:electronicMailAddress>
                </gmd:CI_Address>
              </gmd:address>
            </gmd:CI_Contact>
          </gmd:contactInfo>
        </gmd:CI_ResponsibleParty>
      </gmd:pointOfContact>
      <gmd:graphicOverview>
        <gmd:MD_BrowseGraphic>
          <gmd:fileName gco:nilReason="missing">
            <gco:CharacterString />
          </gmd:fileName>
        </gmd:MD_BrowseGraphic>
      </gmd:graphicOverview>
      <gmd:resourceFormat>
        <gmd:MD_Format>
          <gmd:name gco:nilReason="missing">
            <gco:CharacterString />
          </gmd:name>
          <gmd:version gco:nilReason="missing">
            <gco:CharacterString />
          </gmd:version>
        </gmd:MD_Format>
      </gmd:resourceFormat>
      <gmd:descriptiveKeywords>
        <gmd:MD_Keywords>
          <gmd:keyword>
            <gco:CharacterString>litoestratigrafia</gco:CharacterString>
          </gmd:keyword>
          <gmd:keyword>
            <gco:CharacterString>geologia</gco:CharacterString>
          </gmd:keyword>
          <gmd:keyword>
            <gco:CharacterString>geologia estrutural</gco:CharacterString>
          </gmd:keyword>
          <gmd:keyword>
            <gco:CharacterString>geotectônica</gco:CharacterString>
          </gmd:keyword>
          <gmd:keyword>
            <gco:CharacterString>recursos minerais</gco:CharacterString>
          </gmd:keyword>
          <gmd:keyword>
            <gco:CharacterString>geofísica</gco:CharacterString>
          </gmd:keyword>
          <gmd:keyword>
            <gco:CharacterString>geoquímica</gco:CharacterString>
          </gmd:keyword>
          <gmd:type>
            <gmd:MD_KeywordTypeCode codeListValue="theme" codeList="http://www.isotc211.org/2005/resources/codeList.xml#MD_KeywordTypeCode" />
          </gmd:type>
        </gmd:MD_Keywords>
      </gmd:descriptiveKeywords>
      <gmd:descriptiveKeywords>
        <gmd:MD_Keywords>
          <gmd:keyword>
            <gco:CharacterString>Pará</gco:CharacterString>
          </gmd:keyword>
          <gmd:keyword>
            <gco:CharacterString>Brasil</gco:CharacterString>
          </gmd:keyword>
          <gmd:type>
            <gmd:MD_KeywordTypeCode codeList="http://www.isotc211.org/2005/resources/codeList.xml#MD_KeywordTypeCode" codeListValue="place" />
          </gmd:type>
          <gmd:thesaurusName>
            <gmd:CI_Citation>
              <gmd:title gco:nilReason="missing">
                <gco:CharacterString />
              </gmd:title>
              <gmd:alternateTitle gco:nilReason="missing">
                <gco:CharacterString />
              </gmd:alternateTitle>
              <gmd:date>
                <gmd:CI_Date>
                  <gmd:dateType>
                    <gmd:CI_DateTypeCode codeList="http://www.isotc211.org/2005/resources/codeList.xml#CI_DateTypeCode" codeListValue="" />
                  </gmd:dateType>
                </gmd:CI_Date>
              </gmd:date>
              <gmd:edition gco:nilReason="missing">
                <gco:CharacterString />
              </gmd:edition>
              <gmd:citedResponsibleParty>
                <gmd:CI_ResponsibleParty>
                  <gmd:individualName gco:nilReason="missing">
                    <gco:CharacterString />
                  </gmd:individualName>
                  <gmd:organisationName gco:nilReason="missing">
                    <gco:CharacterString />
                  </gmd:organisationName>
                  <gmd:positionName gco:nilReason="missing">
                    <gco:CharacterString />
                  </gmd:positionName>
                  <gmd:contactInfo>
                    <gmd:CI_Contact>
                      <gmd:phone>
                        <gmd:CI_Telephone>
                          <gmd:voice gco:nilReason="missing">
                            <gco:CharacterString />
                          </gmd:voice>
                          <gmd:facsimile gco:nilReason="missing">
                            <gco:CharacterString />
                          </gmd:facsimile>
                        </gmd:CI_Telephone>
                      </gmd:phone>
                      <gmd:address>
                        <gmd:CI_Address>
                          <gmd:deliveryPoint gco:nilReason="missing">
                            <gco:CharacterString />
                          </gmd:deliveryPoint>
                          <gmd:city gco:nilReason="missing">
                            <gco:CharacterString />
                          </gmd:city>
                          <gmd:administrativeArea gco:nilReason="missing">
                            <gco:CharacterString />
                          </gmd:administrativeArea>
                          <gmd:postalCode gco:nilReason="missing">
                            <gco:CharacterString />
                          </gmd:postalCode>
                          <gmd:country gco:nilReason="missing">
                            <gco:CharacterString />
                          </gmd:country>
                          <gmd:electronicMailAddress gco:nilReason="missing">
                            <gco:CharacterString />
                          </gmd:electronicMailAddress>
                        </gmd:CI_Address>
                      </gmd:address>
                    </gmd:CI_Contact>
                  </gmd:contactInfo>
                  <gmd:role>
                    <gmd:CI_RoleCode codeList="http://www.isotc211.org/2005/resources/codeList.xml#CI_RoleCode" codeListValue="" />
                  </gmd:role>
                </gmd:CI_ResponsibleParty>
              </gmd:citedResponsibleParty>
              <gmd:presentationForm>
                <gmd:CI_PresentationFormCode codeList="http://www.isotc211.org/2005/resources/codeList.xml#CI_PresentationFormCode" codeListValue="" />
              </gmd:presentationForm>
              <gmd:series>
                <gmd:CI_Series />
              </gmd:series>
              <gmd:otherCitationDetails gco:nilReason="missing">
                <gco:CharacterString />
              </gmd:otherCitationDetails>
              <gmd:collectiveTitle gco:nilReason="missing">
                <gco:CharacterString />
              </gmd:collectiveTitle>
              <gmd:ISBN gco:nilReason="missing">
                <gco:CharacterString />
              </gmd:ISBN>
              <gmd:ISSN gco:nilReason="missing">
                <gco:CharacterString />
              </gmd:ISSN>
            </gmd:CI_Citation>
          </gmd:thesaurusName>
        </gmd:MD_Keywords>
      </gmd:descriptiveKeywords>
      <gmd:spatialRepresentationType>
        <gmd:MD_SpatialRepresentationTypeCode codeListValue="vector" codeList="http://www.isotc211.org/2005/resources/codeList.xml#MD_SpatialRepresentationTypeCode" />
      </gmd:spatialRepresentationType>
      <gmd:spatialResolution>
        <gmd:MD_Resolution>
          <gmd:equivalentScale>
            <gmd:MD_RepresentativeFraction>
              <gmd:denominator>
                <gco:Integer>100000</gco:Integer>
              </gmd:denominator>
            </gmd:MD_RepresentativeFraction>
          </gmd:equivalentScale>
        </gmd:MD_Resolution>
      </gmd:spatialResolution>
      <gmd:language>
        <gco:CharacterString>por</gco:CharacterString>
      </gmd:language>
      <gmd:characterSet>
        <gmd:MD_CharacterSetCode codeListValue="utf8" codeList="http://www.isotc211.org/2005/resources/codeList.xml#MD_CharacterSetCode" />
      </gmd:characterSet>
      <gmd:topicCategory>
        <gmd:MD_TopicCategoryCode codeListValue="geoscientificInformation" codeList="http://www.isotc211.org/2005/resources/codeList.xml#MD_TopicCategoryCode" />
      </gmd:topicCategory>
      <gmd:extent>
        <gmd:EX_Extent>
          <gmd:geographicElement>
            <gmd:EX_GeographicBoundingBox>
              <gmd:westBoundLongitude>
                <gco:Decimal>-47</gco:Decimal>
              </gmd:westBoundLongitude>
              <gmd:eastBoundLongitude>
                <gco:Decimal>-46.5</gco:Decimal>
              </gmd:eastBoundLongitude>
              <gmd:southBoundLatitude>
                <gco:Decimal>-2</gco:Decimal>
              </gmd:southBoundLatitude>
              <gmd:northBoundLatitude>
                <gco:Decimal>-1.5000000000000002</gco:Decimal>
              </gmd:northBoundLatitude>
            </gmd:EX_GeographicBoundingBox>
            <gmd:EX_VerticalExtent>
              <gmd:minimumValue>
                <gco:Real />
              </gmd:minimumValue>
              <gmd:maximumValue>
                <gco:Real />
              </gmd:maximumValue>
              <gmd:verticalCRS>
                <gml:CompoundCRS gml:id="d295308e514a1053982">
                  <gml:identifier codeSpace="" />
                  <gml:scope />
                </gml:CompoundCRS>
              </gmd:verticalCRS>
            </gmd:EX_VerticalExtent>
          </gmd:geographicElement>
        </gmd:EX_Extent>
      </gmd:extent>
      <gmd:supplementalInformation gco:nilReason="missing">
        <gco:CharacterString />
      </gmd:supplementalInformation>
    </gmd:MD_DataIdentification>
  </gmd:identificationInfo>
  <gmd:distributionInfo>
    <gmd:MD_Distribution>
      <gmd:distributionFormat>
        <gmd:MD_Format>
          <gmd:nameFormat gco:nilReason="missing">
            <gco:CharacterString />
          </gmd:nameFormat>
        </gmd:MD_Format>
      </gmd:distributionFormat>
      <gmd:transferOptions>
        <gmd:MD_DigitalTransferOptions>
          <gmd:onLine>
            <gmd:CI_OnlineResource>
              <gmd:linkage>
                <gmd:URL>http://geowebapp.cprm.gov.br/ViewerWEB/index_lito_100k.html</gmd:URL>
              </gmd:linkage>
              <gmd:protocol>
                <gco:CharacterString>WWW:LINK-1.0-http--link</gco:CharacterString>
              </gmd:protocol>
              <gmd:name gco:nilReason="missing">
                <gco:CharacterString />
              </gmd:name>
            </gmd:CI_OnlineResource>
          </gmd:onLine>
          <gmd:onLine>
            <gmd:CI_OnlineResource>
              <gmd:linkage xmlns:srv="http://www.isotc211.org/2005/srv">
                <gmd:URL>http://www.metadados.cprm.gov.br/geonetwork/srv/en/resources.get?id=1748&amp;fname=&amp;access=private</gmd:URL>
              </gmd:linkage>
              <gmd:protocol>
                <gco:CharacterString>WWW:DOWNLOAD-1.0-http--download</gco:CharacterString>
              </gmd:protocol>
              <gmd:name gco:nilReason="missing">
                <gco:CharacterString />
              </gmd:name>
            </gmd:CI_OnlineResource>
          </gmd:onLine>
          <gmd:onLine>
            <gmd:CI_OnlineResource>
              <gmd:linkage>
                <gmd:URL />
              </gmd:linkage>
              <gmd:protocol>
                <gco:CharacterString>OGC:WMS-1.1.1-http-get-map</gco:CharacterString>
              </gmd:protocol>
            </gmd:CI_OnlineResource>
          </gmd:onLine>
          <gmd:offLine>
            <gmd:MD_Medium>
              <gmd:offLine>
                <gmd:MD_MediumNameCode codeListValue="" codeList="http://www.isotc211.org/2005/resources/codeList.xml#MD_MediumNameCode" />
              </gmd:offLine>
            </gmd:MD_Medium>
          </gmd:offLine>
          <gmd:pointOfContact>
            <gmd:CI_ResponsibleParty>
              <gmd:individualName>
                <gco:CharacterString>Divisão de Documentação Técnica - DIDOTE</gco:CharacterString>
              </gmd:individualName>
              <gmd:organisationName>
                <gco:CharacterString>Serviço Geológico do Brasil - CPRM, Departamento de Informações Institucionais - DEINF, Divisão de Documentação Técnica - DIDOTE</gco:CharacterString>
              </gmd:organisationName>
              <gmd:role>
                <gmd:CI_RoleCode codeList="http://www.isotc211.org/2005/resources/codeList.xml#CI_RoleCode" codeListValue="distributor" />
              </gmd:role>
              <gmd:contactInfo>
                <gmd:CI_Contact>
                  <gmd:phone>
                    <gmd:CI_Telephone>
                      <gmd:voice>
                        <gco:CharacterString>55(21)2295-5997</gco:CharacterString>
                      </gmd:voice>
                      <gmd:facsimile>
                        <gco:CharacterString>55(21)2295-5897</gco:CharacterString>
                      </gmd:facsimile>
                    </gmd:CI_Telephone>
                  </gmd:phone>
                  <gmd:address>
                    <gmd:CI_Address>
                      <gmd:address>
                        <gco:CharacterString>Av.Pasteur 404</gco:CharacterString>
                      </gmd:address>
                      <gmd:city>
                        <gco:CharacterString>Rio de Janeiro</gco:CharacterString>
                      </gmd:city>
                      <gmd:administrativeArea gco:nilReason="missing">
                        <gmd:UF_TypeCode codeList="http://www.isotc211.org/2005/resources/codeList.xml#UF_TypeCode" codeListValue="rj" />
                      </gmd:administrativeArea>
                      <gmd:postalCode>
                        <gco:CharacterString>22290-255</gco:CharacterString>
                      </gmd:postalCode>
                      <gmd:country>
                        <gco:CharacterString>Brasil</gco:CharacterString>
                      </gmd:country>
                      <gmd:electronicMailAddress>
                        <gco:CharacterString>seus@cprm.gov.br</gco:CharacterString>
                      </gmd:electronicMailAddress>
                    </gmd:CI_Address>
                  </gmd:address>
                </gmd:CI_Contact>
              </gmd:contactInfo>
            </gmd:CI_ResponsibleParty>
          </gmd:pointOfContact>
        </gmd:MD_DigitalTransferOptions>
      </gmd:transferOptions>
    </gmd:MD_Distribution>
  </gmd:distributionInfo>
  <gmd:dataQualityInfo>
    <gmd:DQ_DataQuality>
      <gmd:scope>
        <gmd:DQ_Scope>
          <gmd:level>
            <gmd:MD_ScopeCode codeListValue="dataset" codeList="http://www.isotc211.org/2005/resources/codeList.xml#MD_ScopeCode" />
          </gmd:level>
        </gmd:DQ_Scope>
      </gmd:scope>
      <gmd:lineage>
        <gmd:LI_Lineage>
          <gmd:statement>
            <gco:CharacterString>Os trabalhos foram iniciados com a compilação e integração dos dados pré-existentes e geração de um SIG (Sistema de Informações Geográficas) geológico preliminar.
Os trabalhos preliminares e de campo foram acompanhados e/ou seguidos por estudos
geofísicos, petrográficos, geocronológicos, litogeoquímicos e isotópicos. Foi elaborado um texto explicativo com disponibilização do SIG geológico e dos dados organizados no banco de dados Geobank.</gco:CharacterString>
          </gmd:statement>
        </gmd:LI_Lineage>
      </gmd:lineage>
    </gmd:DQ_DataQuality>
  </gmd:dataQualityInfo>
</gmd:MD_Metadata>