<?xml version="1.0" encoding="UTF-8"?>
<info version="1.1">
  <general>
    <createDate>2016-09-27T11:57:28</createDate>
    <changeDate>2018-07-09T14:47:04</changeDate>
    <schema>mgb-sumarizado</schema>
    <isTemplate>false</isTemplate>
    <localId>1862</localId>
    <format>full</format>
    <rating>0</rating>
    <popularity>9</popularity>
    <uuid>aec48c3c-a5b5-47a0-b124-b23a0a030655</uuid>
    <siteId>21e5c59d-e836-4674-bf9d-912bd7315391</siteId>
    <siteName>Metadados CPRM</siteName>
  </general>
  <categories>
    <category name="maps" />
  </categories>
  <privileges>
    <group name="all">
      <operation name="view" />
    </group>
  </privileges>
  <public />
  <private />
</info>

