<?xml version="1.0" encoding="UTF-8"?>
<info version="1.1">
  <general>
    <createDate>2016-09-21T10:04:52</createDate>
    <changeDate>2018-06-19T17:25:38</changeDate>
    <schema>mgb-sumarizado</schema>
    <isTemplate>false</isTemplate>
    <localId>1815</localId>
    <format>full</format>
    <rating>0</rating>
    <popularity>3</popularity>
    <uuid>de3b56d6-dbe8-4e8d-bbf8-ceba45f726a6</uuid>
    <siteId>21e5c59d-e836-4674-bf9d-912bd7315391</siteId>
    <siteName>Metadados CPRM</siteName>
  </general>
  <categories>
    <category name="maps" />
  </categories>
  <privileges>
    <group name="all">
      <operation name="view" />
    </group>
  </privileges>
  <public />
  <private />
</info>

