<?xml version="1.0" encoding="UTF-8"?>
<info version="1.1">
  <general>
    <createDate>2016-04-13T17:04:57</createDate>
    <changeDate>2017-01-12T17:28:09</changeDate>
    <schema>mgb-sumarizado</schema>
    <isTemplate>false</isTemplate>
    <localId>1395</localId>
    <format>full</format>
    <rating>0</rating>
    <popularity>2</popularity>
    <uuid>4588174f-2fbc-4a57-bb42-fa56c89c2fe8</uuid>
    <siteId>21e5c59d-e836-4674-bf9d-912bd7315391</siteId>
    <siteName>Metadados CPRM</siteName>
  </general>
  <categories>
    <category name="maps" />
  </categories>
  <privileges>
    <group name="all">
      <operation name="view" />
      <operation name="download" />
    </group>
  </privileges>
  <public />
  <private />
</info>

