<?xml version="1.0" encoding="UTF-8"?>
<info version="1.1">
  <general>
    <createDate>2014-12-05T14:09:10</createDate>
    <changeDate>2017-01-12T11:32:56</changeDate>
    <schema>mgb-sumarizado</schema>
    <isTemplate>false</isTemplate>
    <localId>546</localId>
    <format>full</format>
    <rating>0</rating>
    <popularity>10</popularity>
    <uuid>be10495f-c3fc-4359-a4ae-1e8cd7922c09</uuid>
    <siteId>21e5c59d-e836-4674-bf9d-912bd7315391</siteId>
    <siteName>Metadados CPRM</siteName>
  </general>
  <categories>
    <category name="maps" />
  </categories>
  <privileges>
    <group name="all">
      <operation name="view" />
      <operation name="download" />
    </group>
  </privileges>
  <public />
  <private />
</info>

