<?xml version="1.0" encoding="UTF-8"?>
<info version="1.1">
  <general>
    <createDate>2017-01-17T15:44:58</createDate>
    <changeDate>2017-01-18T09:55:17</changeDate>
    <schema>mgb-sumarizado</schema>
    <isTemplate>false</isTemplate>
    <localId>1908</localId>
    <format>full</format>
    <rating>0</rating>
    <popularity>1</popularity>
    <uuid>fd50173b-c622-4f12-8b72-342bb0e4b69d</uuid>
    <siteId>21e5c59d-e836-4674-bf9d-912bd7315391</siteId>
    <siteName>Metadados CPRM</siteName>
  </general>
  <categories>
    <category name="maps" />
  </categories>
  <privileges>
    <group name="all">
      <operation name="view" />
      <operation name="download" />
    </group>
  </privileges>
  <public />
  <private />
</info>

