<?xml version="1.0" encoding="UTF-8"?>
<info version="1.1">
  <general>
    <createDate>2015-01-05T10:08:51</createDate>
    <changeDate>2015-01-12T10:45:46</changeDate>
    <schema>mgb-sumarizado</schema>
    <isTemplate>false</isTemplate>
    <localId>678</localId>
    <format>full</format>
    <rating>0</rating>
    <popularity>1</popularity>
    <uuid>c676f012-8e50-436a-ac4f-f03141772f27</uuid>
    <siteId>21e5c59d-e836-4674-bf9d-912bd7315391</siteId>
    <siteName>Metadados CPRM</siteName>
  </general>
  <categories>
    <category name="maps" />
  </categories>
  <privileges>
    <group name="all">
      <operation name="featured" />
      <operation name="view" />
    </group>
  </privileges>
  <public />
  <private />
</info>

