<?xml version="1.0" encoding="UTF-8"?>
<info version="1.1">
  <general>
    <createDate>2016-09-26T11:06:37</createDate>
    <changeDate>2018-06-20T14:56:18</changeDate>
    <schema>mgb-sumarizado</schema>
    <isTemplate>false</isTemplate>
    <localId>1849</localId>
    <format>full</format>
    <rating>0</rating>
    <popularity>2</popularity>
    <uuid>b1bf4c83-5257-4b4c-9b90-1b4482c31545</uuid>
    <siteId>21e5c59d-e836-4674-bf9d-912bd7315391</siteId>
    <siteName>Metadados CPRM</siteName>
  </general>
  <categories>
    <category name="maps" />
  </categories>
  <privileges>
    <group name="all">
      <operation name="view" />
    </group>
  </privileges>
  <public />
  <private />
</info>

