<?xml version="1.0" encoding="UTF-8"?>

<gmd:MD_Metadata xmlns:gmd="http://www.isotc211.org/2005/gmd" xmlns:xsi="http://www.w3.org/2001/XMLSchema-instance" xmlns:gml="http://www.opengis.net/gml" xmlns:gts="http://www.isotc211.org/2005/gts" xmlns:gco="http://www.isotc211.org/2005/gco" xmlns:geonet="http://www.fao.org/geonetwork">
  <gmd:fileIdentifier>
    <gco:CharacterString xmlns:srv="http://www.isotc211.org/2005/srv">2bc25bce-9e55-4d9a-8008-9deb404a1488</gco:CharacterString>
  </gmd:fileIdentifier>
  <gmd:language>
    <gmd:LanguageCode codeList="http://www.isotc211.org/2005/resources/codeList.xml#LanguageCode" codeListValue="por" />
  </gmd:language>
  <gmd:characterSet>
    <gmd:MD_CharacterSetCode codeListValue="utf8" codeList="http://www.isotc211.org/2005/resources/codeList.xml#MD_CharacterSetCode" />
  </gmd:characterSet>
  <gmd:contact>
    <gmd:CI_ResponsibleParty>
      <gmd:individualName>
        <gco:CharacterString>Diretoria de Hidrologia e Gestão Territorial - Departamento de Gestão Territorial  (DHT/DGET)</gco:CharacterString>
      </gmd:individualName>
      <gmd:organisationName>
        <gco:CharacterString>CPRM – Serviço Geológico do Brasil</gco:CharacterString>
      </gmd:organisationName>
      <gmd:positionName>
        <gco:CharacterString>Responsável pelo metadado – Sandra Fernandes da Silva</gco:CharacterString>
      </gmd:positionName>
      <gmd:contactInfo>
        <gmd:CI_Contact>
          <gmd:phone>
            <gmd:CI_Telephone>
              <gmd:voice>
                <gco:CharacterString>(31) 3878-0307; (21) 2546-0419</gco:CharacterString>
              </gmd:voice>
              <gmd:facsimile>
                <gco:CharacterString>(31) 3878-0383; (21) 2295-8094</gco:CharacterString>
              </gmd:facsimile>
            </gmd:CI_Telephone>
          </gmd:phone>
          <gmd:address>
            <gmd:CI_Address>
              <gmd:deliveryPoint>
                <gco:CharacterString>Av. Pasteur, 404, Urca</gco:CharacterString>
              </gmd:deliveryPoint>
              <gmd:city>
                <gco:CharacterString>Rio de Janeiro</gco:CharacterString>
              </gmd:city>
              <gmd:administrativeArea>
                <gco:CharacterString>Rio de Janeiro</gco:CharacterString>
              </gmd:administrativeArea>
              <gmd:postalCode>
                <gco:CharacterString>22290-255</gco:CharacterString>
              </gmd:postalCode>
              <gmd:country>
                <gco:CharacterString>Brasil</gco:CharacterString>
              </gmd:country>
              <gmd:electronicMailAddress>
                <gco:CharacterString>sandra.silva@cprm.gov.br; seus@cprm.gov.br</gco:CharacterString>
              </gmd:electronicMailAddress>
            </gmd:CI_Address>
          </gmd:address>
        </gmd:CI_Contact>
      </gmd:contactInfo>
      <gmd:role>
        <gmd:CI_RoleCode codeListValue="pointOfContact" codeList="http://www.isotc211.org/2005/resources/codeList.xml#CI_RoleCode" />
      </gmd:role>
    </gmd:CI_ResponsibleParty>
  </gmd:contact>
  <gmd:dateStamp>
    <gco:DateTime xmlns:srv="http://www.isotc211.org/2005/srv">2016-05-17T10:21:50</gco:DateTime>
  </gmd:dateStamp>
  <gmd:metadataStandardName>
    <gco:CharacterString xmlns:srv="http://www.isotc211.org/2005/srv">ISO 19115:2003/19139</gco:CharacterString>
  </gmd:metadataStandardName>
  <gmd:metadataStandardVersion>
    <gco:CharacterString xmlns:srv="http://www.isotc211.org/2005/srv">1.0</gco:CharacterString>
  </gmd:metadataStandardVersion>
  <gmd:referenceSystemInfo>
    <gmd:MD_ReferenceSystem>
      <gmd:referenceSystemIdentifier>
        <gmd:RS_Identifier>
          <gmd:code>
            <gco:CharacterString>SIRGAS2000</gco:CharacterString>
          </gmd:code>
        </gmd:RS_Identifier>
      </gmd:referenceSystemIdentifier>
    </gmd:MD_ReferenceSystem>
  </gmd:referenceSystemInfo>
  <gmd:identificationInfo>
    <gmd:MD_DataIdentification>
      <gmd:citation>
        <gmd:CI_Citation>
          <gmd:title>
            <gco:CharacterString>Carta de Suscetibilidade a Movimento Gravitacionais de Massa e Inundação - Município de Caratinga, MG</gco:CharacterString>
          </gmd:title>
          <gmd:date>
            <gmd:CI_Date>
              <gmd:date>
                <gco:DateTime>2014-10-01T00:00:00</gco:DateTime>
              </gmd:date>
              <gmd:dateType>
                <gmd:CI_DateTypeCode codeListValue="publication" codeList="http://www.isotc211.org/2005/resources/codeList.xml#CI_DateTypeCode" />
              </gmd:dateType>
            </gmd:CI_Date>
          </gmd:date>
          <gmd:edition>
            <gco:CharacterString>05/04/2016</gco:CharacterString>
          </gmd:edition>
        </gmd:CI_Citation>
      </gmd:citation>
      <gmd:abstract>
        <gco:CharacterString>Documento cartográfico complementar ao Objeto 0602 do Programa de Gestão de Riscos e Resposta a Desastres Naturais, incluído no Plano Plurianual 2012-2015 do Ministério do Planejamento, Orçamento e Gestão. Sua elaboração considera, entre outras referências, as diretrizes contidas no manual para zoneamento de suscetibilidade, perigo e risco a deslizamento, publicado em 2008 pelo Comitê Técnico de Deslizamentos e Taludes Construídos das associações técnico-científicas internacionais de geologia de engenharia e engenharia geotécnica (ISSMGE, IAEG e ISRM - JTC-1) e traduzido em 2013 pela ABGE e ABMS. 
A carta tem caráter informativo e é elaborada para uso exclusivo em atividades de planejamento e gestão do território, apontando-se áreas quanto ao desenvolvimento de processos do meio físico que podem ocasionar desastres naturais. As informações geradas para a elaboração da carta estão em conformidade com a escala 1:25.000 e 1:50.000 (em municípios da Amazônia), podendo eventualmente ser apresentada em escalas menores. A utilização da carta pressupõe a consulta prévia ao documento técnico que a acompanha, denominado "Cartas de Suscetibilidade a Movimentos Gravitacionais de Massa e Inundações, 1:25.000 - Nota Técnica Explicativa".</gco:CharacterString>
      </gmd:abstract>
      <gmd:purpose>
        <gco:CharacterString>Cartografar áreas suscetíveis a movimentos gravitacionais de massa e inundação, classificadas como alto, médio e baixo, relacionadas, principalmente, com movimentos de massa e inundações, em municípios brasileiros priorizados pelo Governo Federal.</gco:CharacterString>
      </gmd:purpose>
      <gmd:credit>
        <gco:CharacterString>Projeto realizado pela CPRM–Serviço Geológico do Brasil (Programa Gestão de Riscos e Respostas a Desastres – Ação Mapeamento Geológico-Geotécnico em municípios críticos em relação a Risco Geológico).</gco:CharacterString>
      </gmd:credit>
      <gmd:status>
        <gmd:MD_ProgressCode codeListValue="completed" codeList="http://www.isotc211.org/2005/resources/codeList.xml#MD_ProgressCode" />
      </gmd:status>
      <gmd:pointOfContact>
        <gmd:CI_ResponsibleParty>
          <gmd:individualName>
            <gco:CharacterString>CPRM – Serviço Geológico do Brasil (Diretoria de Hidrologia e Gestão Territorial, Departamento de Gestão Territorial DHT/DGET) / IPT – Instituto de Pesquisas Tecnológicas.</gco:CharacterString>
          </gmd:individualName>
          <gmd:organisationName>
            <gco:CharacterString>CPRM – Serviço Geológico do Brasil</gco:CharacterString>
          </gmd:organisationName>
          <gmd:positionName>
            <gco:CharacterString>Coordenação de Áreas Suscetíveis - Sandra Fernandes da Silva</gco:CharacterString>
          </gmd:positionName>
          <gmd:contactInfo>
            <gmd:CI_Contact>
              <gmd:phone>
                <gmd:CI_Telephone>
                  <gmd:voice>
                    <gco:CharacterString>(31) 3878-0307; (21) 2546-0419</gco:CharacterString>
                  </gmd:voice>
                  <gmd:facsimile>
                    <gco:CharacterString>(31) 3878-0383; (21) 2295-8094</gco:CharacterString>
                  </gmd:facsimile>
                </gmd:CI_Telephone>
              </gmd:phone>
              <gmd:address>
                <gmd:CI_Address>
                  <gmd:deliveryPoint>
                    <gco:CharacterString>Av. Pasteur, 404, Urca</gco:CharacterString>
                  </gmd:deliveryPoint>
                  <gmd:city>
                    <gco:CharacterString>Rio de Janeiro</gco:CharacterString>
                  </gmd:city>
                  <gmd:administrativeArea>
                    <gco:CharacterString>Rio de Janeiro</gco:CharacterString>
                  </gmd:administrativeArea>
                  <gmd:postalCode>
                    <gco:CharacterString>22290-255</gco:CharacterString>
                  </gmd:postalCode>
                  <gmd:country>
                    <gco:CharacterString>Brasil</gco:CharacterString>
                  </gmd:country>
                  <gmd:electronicMailAddress>
                    <gco:CharacterString>sandra.silva@cprm.gov.br; seus@cprm.gov.br</gco:CharacterString>
                  </gmd:electronicMailAddress>
                </gmd:CI_Address>
              </gmd:address>
            </gmd:CI_Contact>
          </gmd:contactInfo>
          <gmd:role>
            <gmd:CI_RoleCode codeListValue="originator" codeList="http://www.isotc211.org/2005/resources/codeList.xml#CI_RoleCode" />
          </gmd:role>
        </gmd:CI_ResponsibleParty>
      </gmd:pointOfContact>
      <gmd:resourceMaintenance>
        <gmd:MD_MaintenanceInformation>
          <gmd:maintenanceAndUpdateFrequency>
            <gmd:MD_MaintenanceFrequencyCode codeListValue="asNeeded" codeList="http://www.isotc211.org/2005/resources/codeList.xml#MD_MaintenanceFrequencyCode" />
          </gmd:maintenanceAndUpdateFrequency>
        </gmd:MD_MaintenanceInformation>
      </gmd:resourceMaintenance>
      <gmd:graphicOverview>
        <gmd:MD_BrowseGraphic>
          <gmd:fileName gco:nilReason="missing">
            <gco:CharacterString />
          </gmd:fileName>
          <gmd:fileDescription>
            <gco:CharacterString>thumbnail</gco:CharacterString>
          </gmd:fileDescription>
        </gmd:MD_BrowseGraphic>
      </gmd:graphicOverview>
      <gmd:graphicOverview>
        <gmd:MD_BrowseGraphic>
          <gmd:fileName gco:nilReason="missing">
            <gco:CharacterString />
          </gmd:fileName>
          <gmd:fileDescription>
            <gco:CharacterString>large_thumbnail</gco:CharacterString>
          </gmd:fileDescription>
        </gmd:MD_BrowseGraphic>
      </gmd:graphicOverview>
      <gmd:descriptiveKeywords>
        <gmd:MD_Keywords>
          <gmd:keyword>
            <gco:CharacterString>carta de suscetibilidade</gco:CharacterString>
          </gmd:keyword>
          <gmd:keyword>
            <gco:CharacterString>movimentos gravitacionais de massa</gco:CharacterString>
          </gmd:keyword>
          <gmd:keyword>
            <gco:CharacterString>deslizamento</gco:CharacterString>
          </gmd:keyword>
          <gmd:keyword>
            <gco:CharacterString>corrida de massa</gco:CharacterString>
          </gmd:keyword>
          <gmd:keyword>
            <gco:CharacterString>queda de rocha</gco:CharacterString>
          </gmd:keyword>
          <gmd:keyword>
            <gco:CharacterString>rastejo</gco:CharacterString>
          </gmd:keyword>
          <gmd:keyword>
            <gco:CharacterString>enxurrada</gco:CharacterString>
          </gmd:keyword>
          <gmd:keyword>
            <gco:CharacterString>inundação</gco:CharacterString>
          </gmd:keyword>
          <gmd:type>
            <gmd:MD_KeywordTypeCode codeListValue="theme" codeList="http://www.isotc211.org/2005/resources/codeList.xml#MD_KeywordTypeCode" />
          </gmd:type>
        </gmd:MD_Keywords>
      </gmd:descriptiveKeywords>
      <gmd:descriptiveKeywords>
        <gmd:MD_Keywords>
          <gmd:keyword>
            <gco:CharacterString>Caratinga</gco:CharacterString>
          </gmd:keyword>
          <gmd:keyword>
            <gco:CharacterString>Minas Gerais</gco:CharacterString>
          </gmd:keyword>
          <gmd:keyword>
            <gco:CharacterString>Brasil</gco:CharacterString>
          </gmd:keyword>
          <gmd:type>
            <gmd:MD_KeywordTypeCode codeListValue="place" codeList="http://www.isotc211.org/2005/resources/codeList.xml#MD_KeywordTypeCode" />
          </gmd:type>
        </gmd:MD_Keywords>
      </gmd:descriptiveKeywords>
      <gmd:descriptiveKeywords>
        <gmd:MD_Keywords>
          <gmd:keyword>
            <gco:CharacterString>geologia de engenharia</gco:CharacterString>
          </gmd:keyword>
          <gmd:keyword>
            <gco:CharacterString>geotecnia</gco:CharacterString>
          </gmd:keyword>
          <gmd:type>
            <gmd:MD_KeywordTypeCode codeList="http://www.isotc211.org/2005/resources/codeList.xml#MD_KeywordTypeCode" codeListValue="discipline" />
          </gmd:type>
          <gmd:thesaurusName>
            <gmd:CI_Citation>
              <gmd:title gco:nilReason="missing">
                <gco:CharacterString />
              </gmd:title>
              <gmd:alternateTitle gco:nilReason="missing">
                <gco:CharacterString />
              </gmd:alternateTitle>
              <gmd:date>
                <gmd:CI_Date>
                  <gmd:dateType>
                    <gmd:CI_DateTypeCode codeList="http://www.isotc211.org/2005/resources/codeList.xml#CI_DateTypeCode" codeListValue="" />
                  </gmd:dateType>
                </gmd:CI_Date>
              </gmd:date>
              <gmd:edition gco:nilReason="missing">
                <gco:CharacterString />
              </gmd:edition>
              <gmd:citedResponsibleParty>
                <gmd:CI_ResponsibleParty>
                  <gmd:individualName gco:nilReason="missing">
                    <gco:CharacterString />
                  </gmd:individualName>
                  <gmd:organisationName gco:nilReason="missing">
                    <gco:CharacterString />
                  </gmd:organisationName>
                  <gmd:positionName gco:nilReason="missing">
                    <gco:CharacterString />
                  </gmd:positionName>
                  <gmd:contactInfo>
                    <gmd:CI_Contact>
                      <gmd:phone>
                        <gmd:CI_Telephone>
                          <gmd:voice gco:nilReason="missing">
                            <gco:CharacterString />
                          </gmd:voice>
                          <gmd:facsimile gco:nilReason="missing">
                            <gco:CharacterString />
                          </gmd:facsimile>
                        </gmd:CI_Telephone>
                      </gmd:phone>
                      <gmd:address>
                        <gmd:CI_Address>
                          <gmd:deliveryPoint gco:nilReason="missing">
                            <gco:CharacterString />
                          </gmd:deliveryPoint>
                          <gmd:city gco:nilReason="missing">
                            <gco:CharacterString />
                          </gmd:city>
                          <gmd:administrativeArea gco:nilReason="missing">
                            <gco:CharacterString />
                          </gmd:administrativeArea>
                          <gmd:postalCode gco:nilReason="missing">
                            <gco:CharacterString />
                          </gmd:postalCode>
                          <gmd:country gco:nilReason="missing">
                            <gco:CharacterString />
                          </gmd:country>
                          <gmd:electronicMailAddress gco:nilReason="missing">
                            <gco:CharacterString />
                          </gmd:electronicMailAddress>
                        </gmd:CI_Address>
                      </gmd:address>
                    </gmd:CI_Contact>
                  </gmd:contactInfo>
                  <gmd:role>
                    <gmd:CI_RoleCode codeList="http://www.isotc211.org/2005/resources/codeList.xml#CI_RoleCode" codeListValue="" />
                  </gmd:role>
                </gmd:CI_ResponsibleParty>
              </gmd:citedResponsibleParty>
              <gmd:presentationForm>
                <gmd:CI_PresentationFormCode codeList="http://www.isotc211.org/2005/resources/codeList.xml#CI_PresentationFormCode" codeListValue="" />
              </gmd:presentationForm>
              <gmd:series>
                <gmd:CI_Series />
              </gmd:series>
              <gmd:otherCitationDetails gco:nilReason="missing">
                <gco:CharacterString />
              </gmd:otherCitationDetails>
              <gmd:collectiveTitle gco:nilReason="missing">
                <gco:CharacterString />
              </gmd:collectiveTitle>
              <gmd:ISBN gco:nilReason="missing">
                <gco:CharacterString />
              </gmd:ISBN>
              <gmd:ISSN gco:nilReason="missing">
                <gco:CharacterString />
              </gmd:ISSN>
            </gmd:CI_Citation>
          </gmd:thesaurusName>
        </gmd:MD_Keywords>
      </gmd:descriptiveKeywords>
      <gmd:resourceConstraints>
        <gmd:MD_LegalConstraints>
          <gmd:accessConstraints>
            <gmd:MD_RestrictionCode codeList="http://www.isotc211.org/2005/resources/codeList.xml#MD_RestrictionCode" codeListValue="otherRestrictions" />
          </gmd:accessConstraints>
          <gmd:useConstraints>
            <gmd:MD_RestrictionCode codeListValue="" codeList="http://www.isotc211.org/2005/resources/codeList.xml#MD_RestrictionCode" />
          </gmd:useConstraints>
          <gmd:otherConstraints>
            <gco:CharacterString>A CPRM não se responsabiliza pelo uso indevido dos dados.</gco:CharacterString>
          </gmd:otherConstraints>
        </gmd:MD_LegalConstraints>
      </gmd:resourceConstraints>
      <gmd:spatialRepresentationType>
        <gmd:MD_SpatialRepresentationTypeCode codeListValue="vector" codeList="http://www.isotc211.org/2005/resources/codeList.xml#MD_SpatialRepresentationTypeCode" />
      </gmd:spatialRepresentationType>
      <gmd:spatialResolution>
        <gmd:MD_Resolution>
          <gmd:equivalentScale>
            <gmd:MD_RepresentativeFraction>
              <gmd:denominator>
                <gco:Integer>25000</gco:Integer>
              </gmd:denominator>
            </gmd:MD_RepresentativeFraction>
          </gmd:equivalentScale>
        </gmd:MD_Resolution>
      </gmd:spatialResolution>
      <gmd:language>
        <gmd:LanguageCode codeList="http://www.isotc211.org/2005/resources/codeList.xml#LanguageCode" codeListValue="por" />
      </gmd:language>
      <gmd:characterSet>
        <gmd:MD_CharacterSetCode codeListValue="utf8" codeList="http://www.isotc211.org/2005/resources/codeList.xml#MD_CharacterSetCode" />
      </gmd:characterSet>
      <gmd:topicCategory>
        <gmd:MD_TopicCategoryCode>geoscientificInformation</gmd:MD_TopicCategoryCode>
      </gmd:topicCategory>
      <gmd:extent>
        <gmd:EX_Extent>
          <gmd:temporalElement>
            <gmd:EX_TemporalExtent>
              <gmd:extent>
                <gml:TimePeriod gml:id="d357898e428a1053982">
                  <gml:beginPosition />
                  <gml:endPosition />
                </gml:TimePeriod>
              </gmd:extent>
            </gmd:EX_TemporalExtent>
          </gmd:temporalElement>
        </gmd:EX_Extent>
      </gmd:extent>
      <gmd:extent>
        <gmd:EX_Extent>
          <gmd:geographicElement>
            <gmd:EX_GeographicBoundingBox>
              <gmd:westBoundLongitude>
                <gco:Decimal>-42.51</gco:Decimal>
              </gmd:westBoundLongitude>
              <gmd:eastBoundLongitude>
                <gco:Decimal>-41.78</gco:Decimal>
              </gmd:eastBoundLongitude>
              <gmd:southBoundLatitude>
                <gco:Decimal>-19.93</gco:Decimal>
              </gmd:southBoundLatitude>
              <gmd:northBoundLatitude>
                <gco:Decimal>-19.41</gco:Decimal>
              </gmd:northBoundLatitude>
            </gmd:EX_GeographicBoundingBox>
          </gmd:geographicElement>
        </gmd:EX_Extent>
      </gmd:extent>
      <gmd:supplementalInformation gco:nilReason="missing">
        <gco:CharacterString />
      </gmd:supplementalInformation>
    </gmd:MD_DataIdentification>
  </gmd:identificationInfo>
  <gmd:distributionInfo>
    <gmd:MD_Distribution>
      <gmd:transferOptions>
        <gmd:MD_DigitalTransferOptions>
          <gmd:onLine>
            <gmd:CI_OnlineResource>
              <gmd:linkage>
                <gmd:URL>http://geowebapp.cprm.gov.br/Riscos/</gmd:URL>
              </gmd:linkage>
              <gmd:protocol>
                <gco:CharacterString>WWW:LINK-1.0-http--link</gco:CharacterString>
              </gmd:protocol>
              <gmd:name gco:nilReason="missing">
                <gco:CharacterString />
              </gmd:name>
              <gmd:description>
                <gco:CharacterString>Visualizador dos dados vetoriais (shapefile)</gco:CharacterString>
              </gmd:description>
            </gmd:CI_OnlineResource>
          </gmd:onLine>
          <gmd:onLine>
            <gmd:CI_OnlineResource>
              <gmd:linkage xmlns:srv="http://www.isotc211.org/2005/srv">
                <gmd:URL>http://rigeo.cprm.gov.br/xmlui/handle/doc/14920</gmd:URL>
              </gmd:linkage>
              <gmd:protocol>
                <gco:CharacterString>http://rigeo.cprm.gov.br/xmlui/handle/doc/14920</gco:CharacterString>
              </gmd:protocol>
              <gmd:name gco:nilReason="missing">
                <gco:CharacterString />
              </gmd:name>
              <gmd:description>
                <gco:CharacterString>Visualização e download da Carta (formato pdf)</gco:CharacterString>
              </gmd:description>
            </gmd:CI_OnlineResource>
          </gmd:onLine>
          <gmd:onLine>
            <gmd:CI_OnlineResource>
              <gmd:linkage>
                <gmd:URL>http://www.cprm.gov.br/suscetibilidade/SIG_Caratinga_MG.zip</gmd:URL>
              </gmd:linkage>
              <gmd:protocol gco:nilReason="missing">
                <gco:CharacterString />
              </gmd:protocol>
              <gmd:name gco:nilReason="missing">
                <gco:CharacterString />
              </gmd:name>
              <gmd:description>
                <gco:CharacterString>Download do SIG (formatos shapefile e GeoTiff)</gco:CharacterString>
              </gmd:description>
            </gmd:CI_OnlineResource>
          </gmd:onLine>
        </gmd:MD_DigitalTransferOptions>
      </gmd:transferOptions>
    </gmd:MD_Distribution>
  </gmd:distributionInfo>
  <gmd:dataQualityInfo>
    <gmd:DQ_DataQuality>
      <gmd:scope>
        <gmd:DQ_Scope>
          <gmd:level>
            <gmd:MD_ScopeCode codeListValue="dataset" codeList="http://www.isotc211.org/2005/resources/codeList.xml#MD_ScopeCode" />
          </gmd:level>
        </gmd:DQ_Scope>
      </gmd:scope>
      <gmd:lineage>
        <gmd:LI_Lineage>
          <gmd:statement>
            <gco:CharacterString>O zoneamento apresentado é de nível básico e está fundamentado em fatores naturais predisponentes espacializáveis, obtidos por meio de compilação e tratamento de dados secundários disponíveis e validação em campo. As zonas apontadas na carta indicam áreas de predominância quanto ao processo analisado. Não indica a trajetória e o raio de alcance dos materiais mobilizáveis e tampouco a interação entre os processos. A classificação relativa (alta, média, baixa) aponta áreas onde a propensão ao processo é maior ou menor em comparação a outras. Dentro das zonas pode haver áreas com classes distintas, mas sua identificação não é possível devido à escala da carta. Nos terrenos, a transição entre as classes tende a se apresentar de modo mais gradual. Suscetibilidade baixa não significa que os processos não poderão ser gerados em seu domínio, pois atividades humanas podem modificar sua dinâmica. A presença de feições associadas a processos pode alterar localmente a classe indicada. 
O zoneamento não pode ser utilizado para avaliar a estabilidade dos terrenos, bem como não se destina a emprego em escala que não seja a de origem, sendo que tais usos inapropriados podem resultar em conclusões incorretas. Estudos mais detalhados em nível local são necessários, particularmente em áreas de suscetibilidade alta e média, podendo produzir limites distintos ante os apontados na carta. Nas áreas urbanizadas/edificadas, ressalva-se o fato de que as classes indicadas podem estar alteradas, para mais ou para menos, a depender do grau de influência da ocupação existente. A incidência de suscetibilidade alta em áreas urbanizadas pressupõe condições com potencial de risco maior e requer estudos específicos.

Procedimentos metodológicos: 1- Preparação da Base cartográfica; 2-	Fotointerpretação do relevo, cicatrizes de deslizamento, ravinas, lineamentos estruturais e demais feições do modelado em Ortofotos ou Imagem RapidEye e Subprodutos derivados do Modelo Digital de Elevação; 3- Modelagem matemática dos dados hidrológicos e da suscetibilidade a movimento gravitacionais de massa e inundação; 4 - Validação de campo; 5- Consolidação dos dados e elaboração do SIG/Carta.

Material utilizado: 
•	Base cartográfica digital adequada à escala 1:25.000, elaborada a partir de ortoimagens de radar nas bandas X e P (2,5 m de resolução espacial) geradas pela BRADAR em 2014. Cartas Topográficas produzidas pela DSG e pela SUDENE (escala 1:100.000), bem como a base de localidades do IBGE (2010) foram utilizados como dado de apoio. 
•	Ortoimagens de radar de 2014 nas bandas X e P fornecidas pela BRADAR (2,5 m de resolução espacial). Relevo sombreado produzido a partir de dados do Modelo Digital de Terreno gerado pela BRADAR por interferometria de dados de radar na banda P (2,5 m de resolução espacial). Iluminação artificial: azimute: 45° e inclinação 45°.
•	 Produto cartográfico gerado a partir da utilização de imagens de radar nas bandas X e P(multipolarimétrica), MDS e MDT, mosaicadas e configuradas de acordo com a articulação do mapa, produzido pela BRADAR Embraer Defesa &amp; Segurança.</gco:CharacterString>
          </gmd:statement>
        </gmd:LI_Lineage>
      </gmd:lineage>
    </gmd:DQ_DataQuality>
  </gmd:dataQualityInfo>
</gmd:MD_Metadata>