<?xml version="1.0" encoding="UTF-8"?>
<info version="1.1">
  <general>
    <createDate>2015-02-02T10:55:37</createDate>
    <changeDate>2015-02-02T10:58:24</changeDate>
    <schema>mgb-sumarizado</schema>
    <isTemplate>false</isTemplate>
    <localId>794</localId>
    <format>full</format>
    <rating>0</rating>
    <popularity>1</popularity>
    <uuid>7c1d1fd1-a302-4146-9f58-dcbf9adc1cbf</uuid>
    <siteId>21e5c59d-e836-4674-bf9d-912bd7315391</siteId>
    <siteName>Metadados CPRM</siteName>
  </general>
  <categories>
    <category name="maps" />
  </categories>
  <privileges>
    <group name="all">
      <operation name="view" />
    </group>
  </privileges>
  <public />
  <private />
</info>

