<?xml version="1.0" encoding="UTF-8"?>

<gmd:MD_Metadata xmlns:gmd="http://www.isotc211.org/2005/gmd" xmlns:gco="http://www.isotc211.org/2005/gco" xmlns:xsi="http://www.w3.org/2001/XMLSchema-instance" xmlns:gts="http://www.isotc211.org/2005/gts" xmlns:gml="http://www.opengis.net/gml" xmlns:geonet="http://www.fao.org/geonetwork">
  <gmd:fileIdentifier>
    <gco:CharacterString>8d485d7b-3fff-4372-960b-bbc102746bb7</gco:CharacterString>
  </gmd:fileIdentifier>
  <gmd:language>
    <gmd:LanguageCode codeList="http://www.loc.gov/standards/iso639-2/" codeListValue="por" />
  </gmd:language>
  <gmd:characterSet>
    <gmd:MD_CharacterSetCode codeListValue="utf8" codeList="http://standards.iso.org/ittf/PubliclyAvailableStandards/ISO_19139_Schemas/resources/codelist/ML_gmxCodelists.xml#MD_CharacterSetCode" />
  </gmd:characterSet>
  <gmd:hierarchyLevel>
    <gmd:MD_ScopeCode codeList="http://standards.iso.org/ittf/PubliclyAvailableStandards/ISO_19139_Schemas/resources/codelist/ML_gmxCodelists.xml#MD_ScopeCode" codeListValue="dataset" />
  </gmd:hierarchyLevel>
  <gmd:contact>
    <gmd:CI_ResponsibleParty>
      <gmd:organisationName>
        <gco:CharacterString>Departamento de Gestão Territorial (DEGET) - Maria Adelaide M. Maia</gco:CharacterString>
      </gmd:organisationName>
      <gmd:contactInfo>
        <gmd:CI_Contact>
          <gmd:phone>
            <gmd:CI_Telephone>
              <gmd:voice>
                <gco:CharacterString>(21) 22956147 / (21) 25460420</gco:CharacterString>
              </gmd:voice>
            </gmd:CI_Telephone>
          </gmd:phone>
          <gmd:address>
            <gmd:CI_Address>
              <gmd:electronicMailAddress>
                <gco:CharacterString>adelaide.maia@cprm.gov.br; seus@cprm.gov.br</gco:CharacterString>
              </gmd:electronicMailAddress>
            </gmd:CI_Address>
          </gmd:address>
        </gmd:CI_Contact>
      </gmd:contactInfo>
      <gmd:role>
        <gmd:CI_RoleCode codeListValue="pointOfContact" codeList="http://standards.iso.org/ittf/PubliclyAvailableStandards/ISO_19139_Schemas/resources/codelist/ML_gmxCodelists.xml#CI_RoleCode" />
      </gmd:role>
    </gmd:CI_ResponsibleParty>
  </gmd:contact>
  <gmd:dateStamp>
    <gco:DateTime>2017-06-13T13:18:11</gco:DateTime>
  </gmd:dateStamp>
  <gmd:metadataStandardName>
    <gco:CharacterString>ISO 19115:2003/19139</gco:CharacterString>
  </gmd:metadataStandardName>
  <gmd:metadataStandardVersion>
    <gco:CharacterString>1.0</gco:CharacterString>
  </gmd:metadataStandardVersion>
  <gmd:referenceSystemInfo>
    <gmd:MD_ReferenceSystem>
      <gmd:referenceSystemIdentifier>
        <gmd:RS_Identifier>
          <gmd:code>
            <gco:CharacterString>WGS84</gco:CharacterString>
          </gmd:code>
        </gmd:RS_Identifier>
      </gmd:referenceSystemIdentifier>
    </gmd:MD_ReferenceSystem>
  </gmd:referenceSystemInfo>
  <gmd:identificationInfo>
    <gmd:MD_DataIdentification>
      <gmd:citation>
        <gmd:CI_Citation>
          <gmd:title>
            <gco:CharacterString>Mapa Geodiversidade do Estado de Pernambuco (Programa Geologia do Brasil - Levantamento da Geodiversidade)</gco:CharacterString>
          </gmd:title>
          <gmd:date>
            <gmd:CI_Date>
              <gmd:date>
                <gco:Date>2014-12-01</gco:Date>
              </gmd:date>
              <gmd:dateType>
                <gmd:CI_DateTypeCode codeList="http://standards.iso.org/ittf/PubliclyAvailableStandards/ISO_19139_Schemas/resources/codelist/ML_gmxCodelists.xml#CI_DateTypeCode" codeListValue="publication" />
              </gmd:dateType>
            </gmd:CI_Date>
          </gmd:date>
          <gmd:presentationForm>
            <gmd:CI_PresentationFormCode codeListValue="mapDigital" codeList="http://standards.iso.org/ittf/PubliclyAvailableStandards/ISO_19139_Schemas/resources/codelist/ML_gmxCodelists.xml#CI_PresentationFormCode" />
          </gmd:presentationForm>
          <gmd:ISBN>
            <gco:CharacterString>978-85-7499-079-8</gco:CharacterString>
          </gmd:ISBN>
        </gmd:CI_Citation>
      </gmd:citation>
      <gmd:abstract>
        <gco:CharacterString>O Serviço Geológico do Brasil – CPRM disponibiliza Mapas descrevendo a Geodiversidade estaduais, nas escalas utilizadas para planejamento dos estados. Essa iniciativa insere-se num projeto maior, de dotar o Brasil de cartas temáticas territoriais do meio físico, como ferramentas de planejamento, em todas as áreas do nosso campo de atribuições institucionais. 
O Mapa Geodiversidade foi concebido para oferecer aos diversos segmentos produtivos, sociais e ambientais, uma tradução do conhecimento geológico-científico territorial, com vista a oferecer suporte à implantação das diversas atividades antrópicas dependentes sob a influência direta de fatores geológicos. Destina-se a um público-alvo variado, incluindo desde as empresas mineradoras tradicionais, passando pela comunidade acadêmica, gestores públicos da área de ordenamento territorial e gestão ambiental.
Dotado de uma linguagem de compreensão universal, tendo em vista seu caráter multiuso, o mapa compartimenta o território estadual em unidades geológico-ambientais, destacando suas limitações e potencialidades, considerando-se a constituição litológica da supra e da infra-estrutura geológica. São abordadas, os aspectos geológicos que interferem em temas tais como obras de engenharia, suscetibilidades ao risco geológico, agricultura, recursos hídricos subterrâneos e fontes poluidoras, aspectos ambientais e potenciais minerais e geoturísticos.  
O projeto foi construído em Sistema de Informações Geográfica (SIG), cujos resultados são apresentados sob a forma de Mapa, SIG e Texto explicativo. Todo o material encontra-se disponível em DVD, em formato digital para consulta e donwload no site da CPRM/SGB e, ainda, nas bibliotecas regionais, para acesso ao público em geral.

Materiais utilizados: Mosaicos de imagens Landsad GeoCover;  Modelos digitais de elevação obtidos do SRTM com resolução de 90 m; pesquisas a banco de dados georeferenciados de órgão governamentais e de pesquisa (IBGE, DNPM, ANP, ICMBIO, CECAV, dentre outras); Levantamento de campo.

Procedimentos metodológicos: 1- Preparação da Base cartográfica; 2-Agrupamento das unidades geológicas em domínios e unidades geológico-ambientais; 3- Fotointerpretação dos padrões de relevo presentes em cada unidade geológico-ambiental (UNIGEO); 4- Levantamento de informações de campo; 5- Aquisição de informações e organização do banco de dados georeferenciados; 6- Descrição das adequabilidade/potencialidades/limitações das UNIGEOs; 7- Consolidação dos dados e elaboração do SIG/Mapa/Texto explicativo.</gco:CharacterString>
      </gmd:abstract>
      <gmd:purpose>
        <gco:CharacterString>Este projeto tem a finalidade de dotar o Brasil de cartas temáticas territoriais do meio físico, com enfoque na geologia, relevo e solos, que serão utilizadas, como ferramentas de ordenamento territorial e planejamento para os setores mineral, transportes, agricultura, turismo e meio ambiente.</gco:CharacterString>
      </gmd:purpose>
      <gmd:credit>
        <gco:CharacterString>Pedro Augusto dos Santos Pfaltzgraff, Fernada Soares de Miranda Torres, Rogério Valença Ferreira e Edlene PEreira da Silva.</gco:CharacterString>
      </gmd:credit>
      <gmd:status>
        <gmd:MD_ProgressCode codeList="http://standards.iso.org/ittf/PubliclyAvailableStandards/ISO_19139_Schemas/resources/codelist/ML_gmxCodelists.xml#MD_ProgressCode" codeListValue="completed" />
      </gmd:status>
      <gmd:pointOfContact>
        <gmd:CI_ResponsibleParty>
          <gmd:organisationName>
            <gco:CharacterString>Diretoria de Hidrologia e Gestão Territorial - Departamento de Gestão Territorial (DEGET)</gco:CharacterString>
          </gmd:organisationName>
          <gmd:contactInfo>
            <gmd:CI_Contact>
              <gmd:phone>
                <gmd:CI_Telephone>
                  <gmd:voice>
                    <gco:CharacterString>(21) 22956147 / (21) 25460420</gco:CharacterString>
                  </gmd:voice>
                </gmd:CI_Telephone>
              </gmd:phone>
              <gmd:address>
                <gmd:CI_Address>
                  <gmd:electronicMailAddress>
                    <gco:CharacterString>SEUS - Serviço de Atendimento aos Usuários - seus@cprm.gov.br</gco:CharacterString>
                  </gmd:electronicMailAddress>
                </gmd:CI_Address>
              </gmd:address>
            </gmd:CI_Contact>
          </gmd:contactInfo>
          <gmd:role>
            <gmd:CI_RoleCode codeListValue="originator" codeList="http://standards.iso.org/ittf/PubliclyAvailableStandards/ISO_19139_Schemas/resources/codelist/ML_gmxCodelists.xml#CI_RoleCode" />
          </gmd:role>
        </gmd:CI_ResponsibleParty>
      </gmd:pointOfContact>
      <gmd:descriptiveKeywords>
        <gmd:MD_Keywords>
          <gmd:keyword>
            <gco:CharacterString>Meio físico</gco:CharacterString>
          </gmd:keyword>
          <gmd:type>
            <gmd:MD_KeywordTypeCode codeListValue="discipline" codeList="http://standards.iso.org/ittf/PubliclyAvailableStandards/ISO_19139_Schemas/resources/codelist/ML_gmxCodelists.xml#MD_KeywordTypeCode" />
          </gmd:type>
        </gmd:MD_Keywords>
      </gmd:descriptiveKeywords>
      <gmd:descriptiveKeywords>
        <gmd:MD_Keywords>
          <gmd:keyword>
            <gco:CharacterString>Geodiversidade</gco:CharacterString>
          </gmd:keyword>
          <gmd:type>
            <gmd:MD_KeywordTypeCode codeList="http://standards.iso.org/ittf/PubliclyAvailableStandards/ISO_19139_Schemas/resources/codelist/ML_gmxCodelists.xml#MD_KeywordTypeCode" codeListValue="theme" />
          </gmd:type>
        </gmd:MD_Keywords>
      </gmd:descriptiveKeywords>
      <gmd:descriptiveKeywords>
        <gmd:MD_Keywords>
          <gmd:keyword>
            <gco:CharacterString>Ordenamento territorial</gco:CharacterString>
          </gmd:keyword>
          <gmd:type>
            <gmd:MD_KeywordTypeCode codeList="http://standards.iso.org/ittf/PubliclyAvailableStandards/ISO_19139_Schemas/resources/codelist/ML_gmxCodelists.xml#MD_KeywordTypeCode" codeListValue="theme" />
          </gmd:type>
        </gmd:MD_Keywords>
      </gmd:descriptiveKeywords>
      <gmd:descriptiveKeywords>
        <gmd:MD_Keywords>
          <gmd:keyword>
            <gco:CharacterString>Sistema de Informações Geográfica</gco:CharacterString>
          </gmd:keyword>
          <gmd:type>
            <gmd:MD_KeywordTypeCode codeList="http://standards.iso.org/ittf/PubliclyAvailableStandards/ISO_19139_Schemas/resources/codelist/ML_gmxCodelists.xml#MD_KeywordTypeCode" codeListValue="theme" />
          </gmd:type>
        </gmd:MD_Keywords>
      </gmd:descriptiveKeywords>
      <gmd:descriptiveKeywords>
        <gmd:MD_Keywords>
          <gmd:keyword>
            <gco:CharacterString>Pernambuco</gco:CharacterString>
          </gmd:keyword>
          <gmd:type>
            <gmd:MD_KeywordTypeCode codeList="http://standards.iso.org/ittf/PubliclyAvailableStandards/ISO_19139_Schemas/resources/codelist/ML_gmxCodelists.xml#MD_KeywordTypeCode" codeListValue="place" />
          </gmd:type>
        </gmd:MD_Keywords>
      </gmd:descriptiveKeywords>
      <gmd:spatialResolution>
        <gmd:MD_Resolution>
          <gmd:equivalentScale>
            <gmd:MD_RepresentativeFraction>
              <gmd:denominator>
                <gco:Integer>500000</gco:Integer>
              </gmd:denominator>
            </gmd:MD_RepresentativeFraction>
          </gmd:equivalentScale>
        </gmd:MD_Resolution>
      </gmd:spatialResolution>
      <gmd:language>
        <gmd:LanguageCode codeList="http://www.loc.gov/standards/iso639-2/" codeListValue="por" />
      </gmd:language>
      <gmd:topicCategory>
        <gmd:MD_TopicCategoryCode>geoscientificInformation</gmd:MD_TopicCategoryCode>
      </gmd:topicCategory>
      <gmd:extent>
        <gmd:EX_Extent>
          <gmd:geographicElement>
            <gmd:EX_GeographicBoundingBox>
              <gmd:westBoundLongitude>
                <gco:Decimal>-43.9453125</gco:Decimal>
              </gmd:westBoundLongitude>
              <gmd:eastBoundLongitude>
                <gco:Decimal>-34.8046875</gco:Decimal>
              </gmd:eastBoundLongitude>
              <gmd:southBoundLatitude>
                <gco:Decimal>-10.7666015625</gco:Decimal>
              </gmd:southBoundLatitude>
              <gmd:northBoundLatitude>
                <gco:Decimal>-8.1298828125</gco:Decimal>
              </gmd:northBoundLatitude>
            </gmd:EX_GeographicBoundingBox>
          </gmd:geographicElement>
          <gmd:temporalElement>
            <gmd:EX_TemporalExtent>
              <gmd:extent>
                <gml:TimeInstant gml:id="d17414e182a1052958">
                  <gml:timePosition />
                </gml:TimeInstant>
              </gmd:extent>
            </gmd:EX_TemporalExtent>
          </gmd:temporalElement>
        </gmd:EX_Extent>
      </gmd:extent>
    </gmd:MD_DataIdentification>
  </gmd:identificationInfo>
  <gmd:distributionInfo>
    <gmd:MD_Distribution>
      <gmd:distributionFormat>
        <gmd:MD_Format>
          <gmd:name>
            <gco:CharacterString>Programa Geologia do Brasil - Levantamento da Geodiversidade</gco:CharacterString>
          </gmd:name>
          <gmd:version>
            <gco:CharacterString>versão 1</gco:CharacterString>
          </gmd:version>
        </gmd:MD_Format>
      </gmd:distributionFormat>
      <gmd:distributionFormat>
        <gmd:MD_Format>
          <gmd:name gco:nilReason="missing">
            <gco:CharacterString />
          </gmd:name>
          <gmd:version gco:nilReason="missing">
            <gco:CharacterString />
          </gmd:version>
        </gmd:MD_Format>
      </gmd:distributionFormat>
      <gmd:transferOptions>
        <gmd:MD_DigitalTransferOptions>
          <gmd:onLine>
            <gmd:CI_OnlineResource>
              <gmd:linkage>
                <gmd:URL>http://www.metadados.cprm.gov.br/geonetwork/srv/en/resources.get?uuid=8d485d7b-3fff-4372-960b-bbc102746bb7&amp;fname=&amp;access=private</gmd:URL>
              </gmd:linkage>
              <gmd:protocol>
                <gco:CharacterString>WWW:DOWNLOAD-1.0-http--download</gco:CharacterString>
              </gmd:protocol>
              <gmd:name>
                <gmx:MimeFileType xmlns:gmx="http://www.isotc211.org/2005/gmx" type="" />
              </gmd:name>
              <gmd:description>
                <gco:CharacterString />
              </gmd:description>
            </gmd:CI_OnlineResource>
          </gmd:onLine>
          <gmd:onLine>
            <gmd:CI_OnlineResource>
              <gmd:linkage>
                <gmd:URL>http://www.cprm.gov.br/publique/Gestao-Territorial/Geodiversidade/Mapas-de-Geodiversidade-Estaduais-1339.html</gmd:URL>
              </gmd:linkage>
              <gmd:protocol>
                <gco:CharacterString>OGC:WMC-1.1.0-http-get-capabilities</gco:CharacterString>
              </gmd:protocol>
              <gmd:name>
                <gco:CharacterString>Online Web Map Context									file</gco:CharacterString>
              </gmd:name>
              <gmd:description>
                <gco:CharacterString>Mapa e Texto explicativo em pdf + SIG (shapefile)</gco:CharacterString>
              </gmd:description>
            </gmd:CI_OnlineResource>
          </gmd:onLine>
          <gmd:offLine>
            <gmd:MD_Medium>
              <gmd:name>
                <gmd:MD_MediumNameCode codeList="http://standards.iso.org/ittf/PubliclyAvailableStandards/ISO_19139_Schemas/resources/codelist/ML_gmxCodelists.xml#MD_MediumNameCode" codeListValue="" />
              </gmd:name>
              <gmd:density>
                <gco:Real />
              </gmd:density>
              <gmd:densityUnits gco:nilReason="missing">
                <gco:CharacterString />
              </gmd:densityUnits>
              <gmd:volumes>
                <gco:Integer />
              </gmd:volumes>
              <gmd:mediumFormat>
                <gmd:MD_MediumFormatCode codeList="http://standards.iso.org/ittf/PubliclyAvailableStandards/ISO_19139_Schemas/resources/codelist/ML_gmxCodelists.xml#MD_MediumFormatCode" codeListValue="" />
              </gmd:mediumFormat>
              <gmd:mediumNote gco:nilReason="missing">
                <gco:CharacterString />
              </gmd:mediumNote>
            </gmd:MD_Medium>
          </gmd:offLine>
        </gmd:MD_DigitalTransferOptions>
      </gmd:transferOptions>
    </gmd:MD_Distribution>
  </gmd:distributionInfo>
</gmd:MD_Metadata>