<?xml version="1.0" encoding="UTF-8"?>
<info version="1.1">
  <general>
    <createDate>2015-02-26T09:37:56</createDate>
    <changeDate>2017-06-13T13:13:56</changeDate>
    <schema>mgb-completo</schema>
    <isTemplate>false</isTemplate>
    <localId>818</localId>
    <format>full</format>
    <rating>0</rating>
    <popularity>31</popularity>
    <uuid>fb7b39d4-8760-4afd-af10-ae33a066a04b</uuid>
    <siteId>21e5c59d-e836-4674-bf9d-912bd7315391</siteId>
    <siteName>Metadados CPRM</siteName>
  </general>
  <categories>
    <category name="maps" />
    <category name="datasets" />
  </categories>
  <privileges>
    <group name="all">
      <operation name="dynamic" />
      <operation name="featured" />
      <operation name="view" />
      <operation name="download" />
    </group>
  </privileges>
  <public />
  <private />
</info>

