<?xml version="1.0" encoding="UTF-8"?>
<info version="1.1">
  <general>
    <createDate>2015-01-13T08:44:23</createDate>
    <changeDate>2015-01-13T08:50:56</changeDate>
    <schema>mgb-sumarizado</schema>
    <isTemplate>false</isTemplate>
    <localId>756</localId>
    <format>full</format>
    <rating>0</rating>
    <popularity>1</popularity>
    <uuid>a9fc742b-1572-431b-98f0-3d1508336091</uuid>
    <siteId>21e5c59d-e836-4674-bf9d-912bd7315391</siteId>
    <siteName>Metadados CPRM</siteName>
  </general>
  <categories>
    <category name="maps" />
  </categories>
  <privileges>
    <group name="all">
      <operation name="featured" />
      <operation name="view" />
      <operation name="download" />
    </group>
  </privileges>
  <public />
  <private />
</info>

