<?xml version="1.0" encoding="UTF-8"?>
<info version="1.1">
  <general>
    <createDate>2016-09-21T10:50:33</createDate>
    <changeDate>2018-06-20T15:28:36</changeDate>
    <schema>mgb-sumarizado</schema>
    <isTemplate>false</isTemplate>
    <localId>1819</localId>
    <format>full</format>
    <rating>0</rating>
    <popularity>2</popularity>
    <uuid>1dd3cf78-bce7-41a4-bd6d-8a36a1dd15bb</uuid>
    <siteId>21e5c59d-e836-4674-bf9d-912bd7315391</siteId>
    <siteName>Metadados CPRM</siteName>
  </general>
  <categories>
    <category name="maps" />
  </categories>
  <privileges>
    <group name="all">
      <operation name="view" />
    </group>
  </privileges>
  <public />
  <private />
</info>

