<?xml version="1.0" encoding="UTF-8"?>
<info version="1.1">
  <general>
    <createDate>2016-09-28T10:38:59</createDate>
    <changeDate>2018-06-20T15:01:10</changeDate>
    <schema>mgb-sumarizado</schema>
    <isTemplate>false</isTemplate>
    <localId>1882</localId>
    <format>full</format>
    <rating>0</rating>
    <popularity>2</popularity>
    <uuid>8c5b915a-e966-4c65-af29-5432a216ddb3</uuid>
    <siteId>21e5c59d-e836-4674-bf9d-912bd7315391</siteId>
    <siteName>Metadados CPRM</siteName>
  </general>
  <categories>
    <category name="maps" />
  </categories>
  <privileges>
    <group name="all">
      <operation name="view" />
    </group>
  </privileges>
  <public />
  <private />
</info>

