<?xml version="1.0" encoding="UTF-8"?>
<info version="1.1">
  <general>
    <createDate>2016-09-28T10:24:42</createDate>
    <changeDate>2018-06-20T15:58:55</changeDate>
    <schema>mgb-sumarizado</schema>
    <isTemplate>false</isTemplate>
    <localId>1878</localId>
    <format>full</format>
    <rating>0</rating>
    <popularity>4</popularity>
    <uuid>0e98a1bd-3d06-4616-b65a-8acdb548b573</uuid>
    <siteId>21e5c59d-e836-4674-bf9d-912bd7315391</siteId>
    <siteName>Metadados CPRM</siteName>
  </general>
  <categories>
    <category name="maps" />
  </categories>
  <privileges>
    <group name="all">
      <operation name="view" />
    </group>
  </privileges>
  <public />
  <private />
</info>

