<?xml version="1.0" encoding="UTF-8"?>
<info version="1.1">
  <general>
    <createDate>2013-11-07T10:19:25</createDate>
    <changeDate>2020-09-23T13:57:20</changeDate>
    <schema>mgb-sumarizado</schema>
    <isTemplate>false</isTemplate>
    <localId>148</localId>
    <format>full</format>
    <rating>0</rating>
    <popularity>12</popularity>
    <uuid>7f47cd97-ebd2-452e-a295-203e46a6f9fe</uuid>
    <siteId>21e5c59d-e836-4674-bf9d-912bd7315391</siteId>
    <siteName>Metadados CPRM</siteName>
  </general>
  <categories>
    <category name="maps" />
  </categories>
  <privileges>
    <group name="all">
      <operation name="view" />
    </group>
  </privileges>
  <public />
  <private />
</info>

