<?xml version="1.0" encoding="UTF-8"?>
<info version="1.1">
  <general>
    <createDate>2015-01-12T13:09:54</createDate>
    <changeDate>2015-01-12T13:14:29</changeDate>
    <schema>mgb-sumarizado</schema>
    <isTemplate>false</isTemplate>
    <localId>736</localId>
    <format>full</format>
    <rating>0</rating>
    <popularity>1</popularity>
    <uuid>8ecac2ce-94e7-4d2b-913d-6fe8e19cb58b</uuid>
    <siteId>21e5c59d-e836-4674-bf9d-912bd7315391</siteId>
    <siteName>Metadados CPRM</siteName>
  </general>
  <categories>
    <category name="maps" />
  </categories>
  <privileges>
    <group name="all">
      <operation name="featured" />
      <operation name="view" />
      <operation name="download" />
    </group>
  </privileges>
  <public />
  <private />
</info>

