<?xml version="1.0" encoding="UTF-8"?>
<info version="1.1">
  <general>
    <createDate>2016-09-22T09:29:38</createDate>
    <changeDate>2018-06-20T15:25:37</changeDate>
    <schema>mgb-sumarizado</schema>
    <isTemplate>false</isTemplate>
    <localId>1827</localId>
    <format>full</format>
    <rating>0</rating>
    <popularity>2</popularity>
    <uuid>a7f9d893-ed69-427e-bca6-29e2e1d51f04</uuid>
    <siteId>21e5c59d-e836-4674-bf9d-912bd7315391</siteId>
    <siteName>Metadados CPRM</siteName>
  </general>
  <categories>
    <category name="maps" />
  </categories>
  <privileges>
    <group name="all">
      <operation name="view" />
    </group>
  </privileges>
  <public />
  <private />
</info>

