<?xml version="1.0" encoding="UTF-8"?>
<info version="1.1">
  <general>
    <createDate>2016-09-15T10:28:55</createDate>
    <changeDate>2018-06-19T17:08:54</changeDate>
    <schema>mgb-sumarizado</schema>
    <isTemplate>false</isTemplate>
    <localId>1765</localId>
    <format>full</format>
    <rating>0</rating>
    <popularity>3</popularity>
    <uuid>9cce4a05-c734-4b0f-8772-832b1e0ab0e9</uuid>
    <siteId>21e5c59d-e836-4674-bf9d-912bd7315391</siteId>
    <siteName>Metadados CPRM</siteName>
  </general>
  <categories>
    <category name="maps" />
  </categories>
  <privileges>
    <group name="all">
      <operation name="view" />
    </group>
  </privileges>
  <public />
  <private />
</info>

