<?xml version="1.0" encoding="UTF-8"?>
<info version="1.1">
  <general>
    <createDate>2015-02-02T09:24:04</createDate>
    <changeDate>2015-02-02T09:32:10</changeDate>
    <schema>mgb-sumarizado</schema>
    <isTemplate>false</isTemplate>
    <localId>790</localId>
    <format>full</format>
    <rating>0</rating>
    <popularity>1</popularity>
    <uuid>9417f808-d653-433a-9ba1-41ea4270e6c2</uuid>
    <siteId>21e5c59d-e836-4674-bf9d-912bd7315391</siteId>
    <siteName>Metadados CPRM</siteName>
  </general>
  <categories>
    <category name="maps" />
  </categories>
  <privileges>
    <group name="all">
      <operation name="view" />
    </group>
  </privileges>
  <public />
  <private />
</info>

