<?xml version="1.0" encoding="UTF-8"?>
<info version="1.1">
  <general>
    <createDate>2016-04-06T15:34:49</createDate>
    <changeDate>2017-01-12T17:20:28</changeDate>
    <schema>mgb-sumarizado</schema>
    <isTemplate>false</isTemplate>
    <localId>1371</localId>
    <format>full</format>
    <rating>0</rating>
    <popularity>2</popularity>
    <uuid>fae760aa-a607-4b20-9ae4-fbff2185ad9b</uuid>
    <siteId>21e5c59d-e836-4674-bf9d-912bd7315391</siteId>
    <siteName>Metadados CPRM</siteName>
  </general>
  <categories>
    <category name="maps" />
  </categories>
  <privileges>
    <group name="all">
      <operation name="view" />
      <operation name="download" />
    </group>
  </privileges>
  <public />
  <private />
</info>

