<?xml version="1.0" encoding="UTF-8"?>
<info version="1.1">
  <general>
    <createDate>2017-01-24T15:45:54</createDate>
    <changeDate>2017-01-27T09:51:32</changeDate>
    <schema>mgb-sumarizado</schema>
    <isTemplate>false</isTemplate>
    <localId>1922</localId>
    <format>full</format>
    <rating>0</rating>
    <popularity>4</popularity>
    <uuid>1f6b6c4e-8f4c-4e8f-9a2c-18452364e60e</uuid>
    <siteId>21e5c59d-e836-4674-bf9d-912bd7315391</siteId>
    <siteName>Metadados CPRM</siteName>
  </general>
  <categories>
    <category name="maps" />
  </categories>
  <privileges>
    <group name="all">
      <operation name="view" />
      <operation name="download" />
    </group>
  </privileges>
  <public />
  <private />
</info>

