<?xml version="1.0" encoding="UTF-8"?>
<info version="1.1">
  <general>
    <createDate>2016-09-26T11:26:24</createDate>
    <changeDate>2018-06-19T17:55:14</changeDate>
    <schema>mgb-sumarizado</schema>
    <isTemplate>false</isTemplate>
    <localId>1851</localId>
    <format>full</format>
    <rating>0</rating>
    <popularity>3</popularity>
    <uuid>82188c50-861c-4577-916f-6ade5c7d6ab5</uuid>
    <siteId>21e5c59d-e836-4674-bf9d-912bd7315391</siteId>
    <siteName>Metadados CPRM</siteName>
  </general>
  <categories>
    <category name="maps" />
  </categories>
  <privileges>
    <group name="all">
      <operation name="view" />
    </group>
  </privileges>
  <public />
  <private />
</info>

