<?xml version="1.0" encoding="UTF-8"?>
<info version="1.1">
  <general>
    <createDate>2016-08-30T14:15:12</createDate>
    <changeDate>2017-01-16T17:19:21</changeDate>
    <schema>mgb-sumarizado</schema>
    <isTemplate>false</isTemplate>
    <localId>1743</localId>
    <format>full</format>
    <rating>0</rating>
    <popularity>4</popularity>
    <uuid>2182dc01-292d-4994-a9b8-9c06e7c9f83c</uuid>
    <siteId>21e5c59d-e836-4674-bf9d-912bd7315391</siteId>
    <siteName>Metadados CPRM</siteName>
  </general>
  <categories>
    <category name="maps" />
  </categories>
  <privileges>
    <group name="all">
      <operation name="view" />
      <operation name="download" />
    </group>
  </privileges>
  <public />
  <private />
</info>

