<?xml version="1.0" encoding="UTF-8"?>
<info version="1.1">
  <general>
    <createDate>2016-09-23T09:40:05</createDate>
    <changeDate>2018-06-20T16:10:35</changeDate>
    <schema>mgb-sumarizado</schema>
    <isTemplate>false</isTemplate>
    <localId>1845</localId>
    <format>full</format>
    <rating>0</rating>
    <popularity>10</popularity>
    <uuid>72b834b8-6b73-48e2-8eed-6a98ee64f1c7</uuid>
    <siteId>21e5c59d-e836-4674-bf9d-912bd7315391</siteId>
    <siteName>Metadados CPRM</siteName>
  </general>
  <categories>
    <category name="maps" />
  </categories>
  <privileges>
    <group name="all">
      <operation name="view" />
    </group>
  </privileges>
  <public />
  <private />
</info>

