<?xml version="1.0" encoding="UTF-8"?>
<info version="1.1">
  <general>
    <createDate>2016-09-22T09:31:40</createDate>
    <changeDate>2018-06-20T15:23:58</changeDate>
    <schema>mgb-sumarizado</schema>
    <isTemplate>false</isTemplate>
    <localId>1828</localId>
    <format>full</format>
    <rating>0</rating>
    <popularity>2</popularity>
    <uuid>c2f7464b-2c2c-4663-b5cb-8d4a9f22baac</uuid>
    <siteId>21e5c59d-e836-4674-bf9d-912bd7315391</siteId>
    <siteName>Metadados CPRM</siteName>
  </general>
  <categories>
    <category name="maps" />
  </categories>
  <privileges>
    <group name="all">
      <operation name="view" />
    </group>
  </privileges>
  <public />
  <private />
</info>

