<?xml version="1.0" encoding="UTF-8"?>
<info version="1.1">
  <general>
    <createDate>2015-02-26T10:06:06</createDate>
    <changeDate>2017-06-13T13:35:48</changeDate>
    <schema>mgb-completo</schema>
    <isTemplate>false</isTemplate>
    <localId>821</localId>
    <format>full</format>
    <rating>0</rating>
    <popularity>41</popularity>
    <uuid>a07df822-91bc-4ffb-b615-41c5c09fdb61</uuid>
    <siteId>21e5c59d-e836-4674-bf9d-912bd7315391</siteId>
    <siteName>Metadados CPRM</siteName>
  </general>
  <categories>
    <category name="maps" />
    <category name="datasets" />
  </categories>
  <privileges>
    <group name="all">
      <operation name="dynamic" />
      <operation name="featured" />
      <operation name="view" />
      <operation name="download" />
    </group>
  </privileges>
  <public />
  <private />
</info>

