<?xml version="1.0" encoding="UTF-8"?>
<info version="1.1">
  <general>
    <createDate>2016-09-27T11:35:11</createDate>
    <changeDate>2018-07-09T14:23:40</changeDate>
    <schema>mgb-sumarizado</schema>
    <isTemplate>false</isTemplate>
    <localId>1858</localId>
    <format>full</format>
    <rating>0</rating>
    <popularity>6</popularity>
    <uuid>9884bf18-dbf2-44e7-9702-425d69c78f91</uuid>
    <siteId>21e5c59d-e836-4674-bf9d-912bd7315391</siteId>
    <siteName>Metadados CPRM</siteName>
  </general>
  <categories>
    <category name="maps" />
  </categories>
  <privileges>
    <group name="all">
      <operation name="view" />
    </group>
  </privileges>
  <public />
  <private />
</info>

