<?xml version="1.0" encoding="UTF-8"?>
<info version="1.1">
  <general>
    <createDate>2016-06-29T11:09:07</createDate>
    <changeDate>2017-01-16T16:17:01</changeDate>
    <schema>mgb-sumarizado</schema>
    <isTemplate>false</isTemplate>
    <localId>1680</localId>
    <format>full</format>
    <rating>0</rating>
    <popularity>3</popularity>
    <uuid>7a62ec26-8cb6-4f93-9a12-c4d5e873e5ae</uuid>
    <siteId>21e5c59d-e836-4674-bf9d-912bd7315391</siteId>
    <siteName>Metadados CPRM</siteName>
  </general>
  <categories>
    <category name="maps" />
  </categories>
  <privileges>
    <group name="all">
      <operation name="view" />
      <operation name="download" />
    </group>
  </privileges>
  <public />
  <private />
</info>

