<?xml version="1.0" encoding="UTF-8"?>
<info version="1.1">
  <general>
    <createDate>2013-11-12T15:21:50</createDate>
    <changeDate>2020-09-23T13:53:10</changeDate>
    <schema>mgb-sumarizado</schema>
    <isTemplate>false</isTemplate>
    <localId>162</localId>
    <format>full</format>
    <rating>0</rating>
    <popularity>18</popularity>
    <uuid>ba7251b8-bb2c-417d-a37f-699111ffac5d</uuid>
    <siteId>21e5c59d-e836-4674-bf9d-912bd7315391</siteId>
    <siteName>Metadados CPRM</siteName>
  </general>
  <categories>
    <category name="maps" />
  </categories>
  <privileges>
    <group name="all">
      <operation name="view" />
    </group>
  </privileges>
  <public />
  <private />
</info>

