<?xml version="1.0" encoding="UTF-8"?>
<info version="1.1">
  <general>
    <createDate>2013-11-07T10:31:24</createDate>
    <changeDate>2020-09-23T13:54:33</changeDate>
    <schema>mgb-sumarizado</schema>
    <isTemplate>false</isTemplate>
    <localId>149</localId>
    <format>full</format>
    <rating>0</rating>
    <popularity>12</popularity>
    <uuid>e9fbcb20-a978-4d32-b7b3-179bdf6ccc19</uuid>
    <siteId>21e5c59d-e836-4674-bf9d-912bd7315391</siteId>
    <siteName>Metadados CPRM</siteName>
  </general>
  <categories>
    <category name="maps" />
  </categories>
  <privileges>
    <group name="all">
      <operation name="view" />
    </group>
  </privileges>
  <public />
  <private />
</info>

