<?xml version="1.0" encoding="UTF-8"?>
<info version="1.1">
  <general>
    <createDate>2014-07-15T17:18:42</createDate>
    <changeDate>2017-01-12T11:20:02</changeDate>
    <schema>mgb-sumarizado</schema>
    <isTemplate>false</isTemplate>
    <localId>399</localId>
    <format>full</format>
    <rating>0</rating>
    <popularity>12</popularity>
    <uuid>da0dd134-424f-4751-acec-cc77b2817478</uuid>
    <siteId>21e5c59d-e836-4674-bf9d-912bd7315391</siteId>
    <siteName>Metadados CPRM</siteName>
  </general>
  <categories>
    <category name="maps" />
  </categories>
  <privileges>
    <group name="all">
      <operation name="view" />
    </group>
  </privileges>
  <public />
  <private />
</info>

