<?xml version="1.0" encoding="UTF-8"?>
<info version="1.1">
  <general>
    <createDate>2013-11-07T10:05:22</createDate>
    <changeDate>2020-09-23T15:34:00</changeDate>
    <schema>mgb-sumarizado</schema>
    <isTemplate>false</isTemplate>
    <localId>146</localId>
    <format>full</format>
    <rating>0</rating>
    <popularity>17</popularity>
    <uuid>81698692-d725-413b-9c55-5119a5b84d68</uuid>
    <siteId>21e5c59d-e836-4674-bf9d-912bd7315391</siteId>
    <siteName>Metadados CPRM</siteName>
  </general>
  <categories>
    <category name="maps" />
  </categories>
  <privileges>
    <group name="all">
      <operation name="view" />
    </group>
  </privileges>
  <public />
  <private />
</info>

