<?xml version="1.0" encoding="UTF-8"?>
<info version="1.1">
  <general>
    <createDate>2013-11-12T15:17:44</createDate>
    <changeDate>2020-09-23T15:26:00</changeDate>
    <schema>mgb-sumarizado</schema>
    <isTemplate>false</isTemplate>
    <localId>161</localId>
    <format>full</format>
    <rating>0</rating>
    <popularity>10</popularity>
    <uuid>f33556b7-9bfe-4b23-9af9-957de69ec568</uuid>
    <siteId>21e5c59d-e836-4674-bf9d-912bd7315391</siteId>
    <siteName>Metadados CPRM</siteName>
  </general>
  <categories>
    <category name="maps" />
  </categories>
  <privileges>
    <group name="all">
      <operation name="view" />
    </group>
  </privileges>
  <public />
  <private />
</info>

