<?xml version="1.0" encoding="UTF-8"?>
<info version="1.1">
  <general>
    <createDate>2016-09-26T11:38:58</createDate>
    <changeDate>2018-06-20T16:15:00</changeDate>
    <schema>mgb-sumarizado</schema>
    <isTemplate>false</isTemplate>
    <localId>1855</localId>
    <format>full</format>
    <rating>0</rating>
    <popularity>29</popularity>
    <uuid>c2718edd-ff4c-4a57-8801-38a7baa41f9b</uuid>
    <siteId>21e5c59d-e836-4674-bf9d-912bd7315391</siteId>
    <siteName>Metadados CPRM</siteName>
  </general>
  <categories>
    <category name="maps" />
  </categories>
  <privileges>
    <group name="all">
      <operation name="view" />
    </group>
  </privileges>
  <public />
  <private />
</info>

