<?xml version="1.0" encoding="UTF-8"?>
<info version="1.1">
  <general>
    <createDate>2013-11-13T10:22:55</createDate>
    <changeDate>2020-09-23T13:55:56</changeDate>
    <schema>mgb-sumarizado</schema>
    <isTemplate>false</isTemplate>
    <localId>173</localId>
    <format>full</format>
    <rating>0</rating>
    <popularity>13</popularity>
    <uuid>99b5d3fb-ccda-49fd-90ce-7f77b01a0d0e</uuid>
    <siteId>21e5c59d-e836-4674-bf9d-912bd7315391</siteId>
    <siteName>Metadados CPRM</siteName>
  </general>
  <categories>
    <category name="maps" />
  </categories>
  <privileges>
    <group name="all">
      <operation name="view" />
    </group>
  </privileges>
  <public />
  <private />
</info>

