<?xml version="1.0" encoding="UTF-8"?>
<info version="1.1">
  <general>
    <createDate>2016-09-20T08:44:28</createDate>
    <changeDate>2018-06-19T17:45:07</changeDate>
    <schema>mgb-sumarizado</schema>
    <isTemplate>false</isTemplate>
    <localId>1803</localId>
    <format>full</format>
    <rating>0</rating>
    <popularity>0</popularity>
    <uuid>f25b5fcf-5b8e-487a-a1db-5959e7d11b04</uuid>
    <siteId>21e5c59d-e836-4674-bf9d-912bd7315391</siteId>
    <siteName>Metadados CPRM</siteName>
  </general>
  <categories>
    <category name="maps" />
  </categories>
  <privileges>
    <group name="all">
      <operation name="view" />
    </group>
  </privileges>
  <public />
  <private />
</info>

