<?xml version="1.0" encoding="UTF-8"?>
<info version="1.1">
  <general>
    <createDate>2016-11-18T16:25:00</createDate>
    <changeDate>2017-01-27T09:35:02</changeDate>
    <schema>mgb-sumarizado</schema>
    <isTemplate>false</isTemplate>
    <localId>1890</localId>
    <format>full</format>
    <rating>0</rating>
    <popularity>4</popularity>
    <uuid>3961b496-0d3d-4981-bf9f-20c0c3d6bf6b</uuid>
    <siteId>21e5c59d-e836-4674-bf9d-912bd7315391</siteId>
    <siteName>Metadados CPRM</siteName>
  </general>
  <categories>
    <category name="maps" />
  </categories>
  <privileges>
    <group name="all">
      <operation name="view" />
      <operation name="download" />
    </group>
  </privileges>
  <public />
  <private />
</info>

