<?xml version="1.0" encoding="UTF-8"?>
<info version="1.1">
  <general>
    <createDate>2016-09-15T10:56:43</createDate>
    <changeDate>2018-06-19T17:32:50</changeDate>
    <schema>mgb-sumarizado</schema>
    <isTemplate>false</isTemplate>
    <localId>1774</localId>
    <format>full</format>
    <rating>0</rating>
    <popularity>3</popularity>
    <uuid>96e4d575-7cb3-4b3d-b49a-b46d4a8bc640</uuid>
    <siteId>21e5c59d-e836-4674-bf9d-912bd7315391</siteId>
    <siteName>Metadados CPRM</siteName>
  </general>
  <categories>
    <category name="maps" />
  </categories>
  <privileges>
    <group name="all">
      <operation name="view" />
    </group>
  </privileges>
  <public />
  <private />
</info>

