<?xml version="1.0" encoding="UTF-8"?>
<info version="1.1">
  <general>
    <createDate>2014-07-15T17:15:12</createDate>
    <changeDate>2017-01-12T11:18:27</changeDate>
    <schema>mgb-sumarizado</schema>
    <isTemplate>false</isTemplate>
    <localId>398</localId>
    <format>full</format>
    <rating>0</rating>
    <popularity>10</popularity>
    <uuid>9562804d-ff65-4019-b1f9-55acc31087e7</uuid>
    <siteId>21e5c59d-e836-4674-bf9d-912bd7315391</siteId>
    <siteName>Metadados CPRM</siteName>
  </general>
  <categories>
    <category name="maps" />
  </categories>
  <privileges>
    <group name="all">
      <operation name="view" />
      <operation name="download" />
    </group>
  </privileges>
  <public />
  <private />
</info>

