<?xml version="1.0" encoding="UTF-8"?>
<info version="1.1">
  <general>
    <createDate>2016-09-27T11:49:05</createDate>
    <changeDate>2018-06-19T18:23:43</changeDate>
    <schema>mgb-sumarizado</schema>
    <isTemplate>false</isTemplate>
    <localId>1861</localId>
    <format>full</format>
    <rating>0</rating>
    <popularity>2</popularity>
    <uuid>a92a89e4-167b-4c8d-83db-74a4c4770ab7</uuid>
    <siteId>21e5c59d-e836-4674-bf9d-912bd7315391</siteId>
    <siteName>Metadados CPRM</siteName>
  </general>
  <categories>
    <category name="maps" />
  </categories>
  <privileges>
    <group name="all">
      <operation name="view" />
    </group>
  </privileges>
  <public />
  <private />
</info>

